# Gboard Dictionary version:1
aalseth	aalseþ	en-US
abendroth	abendroþ	en-US
abernathy	abernaþy	en-US
abernethy	aberneþy	en-US
absinthe	absinþe	en-US
acantha	acanða	en-US
accuhealth	accuhealþ	en-US
aerosmith	aerosmiþ	en-US
aerosmith's	aerosmiþ's	en-US
aesthenopia	aesþenopia	en-US
aesthete	aesþete	en-US
aesthete's	aesþete's	en-US
aesthetes	aesþetes	en-US
aesthetic	aesþetic	en-US
aesthetically	aesþetically	en-US
aesthetics	aesþetics	en-US
aforethought	aforeþought	en-US
aftermath	aftermaþ	en-US
aftermaths	aftermaþs	en-US
afterthought	afterþought	en-US
afterthoughts	afterþoughts	en-US
agatha	agaþa	en-US
ainsworth	ainsworþ	en-US
ainsworth's	ainsworþ's	en-US
airworthiness	airworðiness	en-US
airworthy	airworðy	en-US
aithne	aiþne	en-US
alberthal	alberþal	en-US
aletha	aleþa	en-US
alethea	aleþea	en-US
algorithm	algoriðm	en-US
algorithms	algoriðms	en-US
alithia	aliþia	en-US
allensworth	allensworþ	en-US
alsthom	alsþom	en-US
althaver	alþaver	en-US
althea	alþea	en-US
altherr	alþerr	en-US
althorp	alþorp	en-US
although	alðough	en-US
altogether	altogeðer	en-US
amaranth	amaranþ	en-US
amethyst	ameþyst	en-US
amphitheater	amphiþeater	en-US
amphitheaters	amphiþeaters	en-US
amphitheatre	amphiþeatre	en-US
amsouth	amsouþ	en-US
anaesthesia	anaesþesia	en-US
anaesthesiologist	anaesþesiologist	en-US
anaesthesiologists	anaesþesiologists	en-US
anaesthesiology	anaesþesiology	en-US
anaesthetic	anaesþetic	en-US
anaesthetics	anaesþetics	en-US
anaesthetist	anaesþetist	en-US
anantha	ananþa	en-US
anathema	anaþema	en-US
anesthesia	anesþesia	en-US
anesthesiologist	anesþesiologist	en-US
anesthesiologists	anesþesiologists	en-US
anesthesiology	anesþesiology	en-US
anesthetic	anesþetic	en-US
anesthetics	anesþetics	en-US
anesthetist	anesþetist	en-US
anglo-catholicism	anglo-caþolicism	en-US
annabeth	annabeþ	en-US
anorthite	anorþite	en-US
another	anoðer	en-US
another's	anoðer's	en-US
anthea	anþea	en-US
anthem	anþem	en-US
anthems	anþems	en-US
anthes	anðes	en-US
anthiel	anþiel	en-US
anthis	anþis	en-US
anthologies	anþologies	en-US
anthologist	anþologist	en-US
anthologists	anþologists	en-US
anthology	anþology	en-US
anthon	anþon	en-US
anthony	anþony	en-US
anthony's	anþony's	en-US
anthracite	anþracite	en-US
anthrax	anþrax	en-US
anthrobot	anþrobot	en-US
anthropocentric	anþropocentric	en-US
anthropogenic	anþropogenic	en-US
anthropological	anþropological	en-US
anthropologist	anþropologist	en-US
anthropologists	anþropologists	en-US
anthropology	anþropology	en-US
anthropomorphic	anþropomorphic	en-US
anthropomorphism	anþropomorphism	en-US
anti-catholicism	anti-caþolicism	en-US
antipathies	antipaþies	en-US
antipathy	antipaþy	en-US
antitheft	antiþeft	en-US
antithesis	antiþesis	en-US
antithetical	antiþetical	en-US
anything	anyþing	en-US
anything's	anyþing's	en-US
apathetic	apaþetic	en-US
apathy	apaþy	en-US
apothecary	apoþecary	en-US
apotheosis	apoþeosis	en-US
applegarth	applegarþ	en-US
arbothnott	arboþnott	en-US
arbuthnot	arbuþnot	en-US
ardath	ardaþ	en-US
ardith	ardiþ	en-US
aretha	areþa	en-US
arithmetic	ariþmetic	en-US
aromatherapy	aromaþerapy	en-US
arrasmith	arrasmiþ	en-US
arrhythmia	arrhyðmia	en-US
arrhythmias	arrhyðmias	en-US
arrowsmith	arrowsmiþ	en-US
arrowsmith's	arrowsmiþ's	en-US
arth	arþ	en-US
arthotec	arþotec	en-US
arthritic	arþritic	en-US
arthritis	arþritis	en-US
arthropod	arþropod	en-US
arthropods	arþropods	en-US
arthur	arþur	en-US
arthur's	arþur's	en-US
arthurian	arþurian	en-US
arthurs	arþurs	en-US
ashworth	ashworþ	en-US
asquith	asquiþ	en-US
asthmatics	asþmatics	en-US
atha	aþa	en-US
athalia	aþalia	en-US
athanas	aþanas	en-US
athanassiou	aþanassiou	en-US
athans	aþans	en-US
athas	aðas	en-US
athearn	aþearn	en-US
atheism	aþeism	en-US
atheist	aþeist	en-US
atheistic	aþeistic	en-US
atheists	aþeists	en-US
athena	aþena	en-US
athenaeum	aþenaeum	en-US
athenaios	aþenaios	en-US
athene	aþene	en-US
atheneum	aþeneum	en-US
athenian	aþenian	en-US
athenians	aþenians	en-US
athens	aþens	en-US
atherosclerosis	aþerosclerosis	en-US
atherton	aþerton	en-US
athey	aþey	en-US
athie	aþie	en-US
athlete	aþlete	en-US
athlete's	aþlete's	en-US
athletes	aþletes	en-US
athletes'	aþletes'	en-US
athletic	aþletic	en-US
athletically	aþletically	en-US
athleticism	aþleticism	en-US
athletics	aþletics	en-US
athlone	aþlone	en-US
athwart	aþwart	en-US
atither	atiðer	en-US
atworth	atworþ	en-US
australopithecine	australopiþecine	en-US
australopithecus	australopiþecus	en-US
autenrieth	autenrieþ	en-US
auth	auþ	en-US
authement	auþement	en-US
authentic	auþentic	en-US
authentically	auþentically	en-US
authenticate	auþenticate	en-US
authenticated	auþenticated	en-US
authenticating	auþenticating	en-US
authentication	auþentication	en-US
authentications	auþentications	en-US
authenticity	auþenticity	en-US
auther	auþer	en-US
authier	auþier	en-US
author	auþor	en-US
author's	auþor's	en-US
authored	auþored	en-US
authoring	auþoring	en-US
authoritarian	auþoritarian	en-US
authoritarianism	auþoritarianism	en-US
authoritative	auþoritative	en-US
authoritatively	auþoritatively	en-US
authorities	auþorities	en-US
authorities'	auþorities'	en-US
authority	auþority	en-US
authority's	auþority's	en-US
authorization	auþorization	en-US
authorizations	auþorizations	en-US
authorize	auþorize	en-US
authorized	auþorized	en-US
authorizes	auþorizes	en-US
authorizing	auþorizing	en-US
authors	auþors	en-US
authors'	auþors'	en-US
authorship	auþorship	en-US
aylesworth	aylesworþ	en-US
aylsworth	aylsworþ	en-US
aylworth	aylworþ	en-US
azidothymidine	azidoþymidine	en-US
b'rith	b'riþ	en-US
ba'ath	ba'aþ	en-US
ba'athism	ba'aþism	en-US
ba'athist	ba'aþist	en-US
ba'athists	ba'aþists	en-US
balthasar	balþasar	en-US
balthaser	balþaser	en-US
balthazar	balþazar	en-US
balthazor	balþazor	en-US
balthrop	balþrop	en-US
bandwidth	bandwidþ	en-US
barath	baraþ	en-US
barth	barþ	en-US
bartha	barþa	en-US
barthel	barþel	en-US
barthelemy	barþelemy	en-US
barthelme	barþelme	en-US
barthelme's	barþelme's	en-US
barthes	barþes	en-US
barthold	barþold	en-US
bartholdy	barþoldy	en-US
bartholomay	barþolomay	en-US
bartholomew	barþolomew	en-US
bartholow	barþolow	en-US
barthram	barþram	en-US
bath	baþ	en-US
bathe	baðe	en-US
bathed	baðed	en-US
bather	baðer	en-US
bathers	baðers	en-US
bathes	baðes	en-US
bathgate	baþgate	en-US
bathing	baðing	en-US
bathke	baþke	en-US
batholith	baþoliþ	en-US
batholiths	baþoliþs	en-US
bathrick	baþrick	en-US
bathrobe	baþrobe	en-US
bathrobes	baþrobes	en-US
bathroom	baþroom	en-US
bathrooms	baþrooms	en-US
baths	baþs	en-US
bathsheba	baþsheba	en-US
bathtub	baþtub	en-US
bathtubs	baþtubs	en-US
bathurst	baþurst	en-US
bathurst's	baþurst's	en-US
bayouth	bayouþ	en-US
bayreuth	bayreuþ	en-US
bechthold	bechþold	en-US
beckwith	beckwiþ	en-US
beckwith's	beckwiþ's	en-US
beckworth	beckworþ	en-US
beckworth's	beckworþ's	en-US
behemoth	behemoþ	en-US
behemoths	behemoþs	en-US
bellsouth	bellsouþ	en-US
bellsouth's	bellsouþ's	en-US
bellwether	bellweðer	en-US
bellwethers	bellweðers	en-US
belth	belþ	en-US
beneath	beneaþ	en-US
benthall	benþall	en-US
bequeath	bequeaþ	en-US
bequeathed	bequeaþed	en-US
bergenthal	bergenþal	en-US
bergthold	bergþold	en-US
bernath	bernaþ	en-US
berreth	berreþ	en-US
berth	berþ	en-US
bertha	berþa	en-US
berthelot	berþelot	en-US
berthelsen	berþelsen	en-US
berthiaume	berþiaume	en-US
berthold	berþold	en-US
bertholf	berþolf	en-US
berths	berþs	en-US
beth	beþ	en-US
beth's	beþ's	en-US
bethann	beþann	en-US
bethanne	beþanne	en-US
bethany	beþany	en-US
bethard	beþard	en-US
bethards	beþards	en-US
bethea	beðea	en-US
bethel	beþel	en-US
bethell	beþell	en-US
bethesda	beþesda	en-US
bethke	beþke	en-US
bethlehem	beþlehem	en-US
bethlehem's	beþlehem's	en-US
bethpage	beþpage	en-US
bethune	beþune	en-US
beuthin	beuþin	en-US
bierwirth	bierwirþ	en-US
billionth	billionþ	en-US
billionths	billionþs	en-US
bimonthly	bimonþly	en-US
bioethics	bioeþics	en-US
biotherapeutic	bioþerapeutic	en-US
biotherapeutics	bioþerapeutics	en-US
birdfeather	birdfeaðer	en-US
birdfeather's	birdfeaðer's	en-US
birdfeathers	birdfeaðers	en-US
birth	birþ	en-US
birthday	birþday	en-US
birthdays	birþdays	en-US
birthing	birþing	en-US
birthmark	birþmark	en-US
birthmarks	birþmarks	en-US
birthplace	birþplace	en-US
birthplaces	birþplaces	en-US
birthrate	birþrate	en-US
birthrates	birþrates	en-US
birthright	birþright	en-US
birthrights	birþrights	en-US
births	birþs	en-US
bismuth	bismuþ	en-US
bither	biðer	en-US
blackheath	blackheaþ	en-US
blacksmith	blacksmiþ	en-US
blather	blaðer	en-US
blethen	bleþen	en-US
blithe	bliðe	en-US
blithely	bliþely	en-US
bloodbath	bloodbaþ	en-US
bloodsworth	bloodsworþ	en-US
bloodthirsty	bloodþirsty	en-US
bloodworth	bloodworþ	en-US
bluetooth	bluetooþ	en-US
blumenthal	blumenþal	en-US
bluth	bluþ	en-US
blyth	blyþ	en-US
blythe	blyðe	en-US
bolitho	boliþo	en-US
booksmith	booksmiþ	en-US
booth	booþ	en-US
boothby	booþby	en-US
boothe	booðe	en-US
boothman	booþman	en-US
boothroyd	booþroyd	en-US
booths	booþs	en-US
bophuthatswana	bophuþatswana	en-US
borseth	borseþ	en-US
borth	borþ	en-US
borthwick	borþwick	en-US
bosworth	bosworþ	en-US
both	boþ	en-US
botha	boþa	en-US
botha's	boþa's	en-US
botham	boþam	en-US
botham's	boþam's	en-US
bothe	boðe	en-US
bothell	boþell	en-US
bother	boðer	en-US
bothered	boðered	en-US
bothering	boðering	en-US
bothers	boðers	en-US
bothersome	boðersome	en-US
bothun	boþun	en-US
bothwell	boþwell	en-US
bouthillier	bouþillier	en-US
bozarth	bozarþ	en-US
braithwaite	braiþwaite	en-US
breadth	breadþ	en-US
breakthrough	breakþrough	en-US
breakthroughs	breakþroughs	en-US
breath	breaþ	en-US
breathe	breaðe	en-US
breathed	breaðed	en-US
breather	breaðer	en-US
breathes	breaðes	en-US
breathing	breaðing	en-US
breathless	breaþless	en-US
breathlessly	breaþlessly	en-US
breaths	breaþs	en-US
breathtaking	breaþtaking	en-US
breathtakingly	breaþtakingly	en-US
breathy	breaþy	en-US
breitbarth	breitbarþ	en-US
breithaupt	breiþaupt	en-US
breth	breþ	en-US
brethauer	breþauer	en-US
brethen	breþen	en-US
brethren	breðren	en-US
bridgeforth	bridgeforþ	en-US
brocksmith	brocksmiþ	en-US
broken-tooth	broken-tooþ	en-US
broth	broþ	en-US
brothel	broþel	en-US
brothels	broþels	en-US
brother	broðer	en-US
brother's	broðer's	en-US
brother-in-law	broðer-in-law	en-US
brotherhood	broðerhood	en-US
brotherly	broðerly	en-US
brothers	broðers	en-US
brothers'	broðers'	en-US
brothers's	broðers's	en-US
brothers-in-law	broðers-in-law	en-US
brotherson	broðerson	en-US
brotherton	broðerton	en-US
broths	broþs	en-US
buckthorn	buckþorn	en-US
bulthuis	bulðuis	en-US
burnsworth	burnsworþ	en-US
burnworth	burnworþ	en-US
buth	buþ	en-US
butterworth	butterworþ	en-US
calantha	calanþa	en-US
calisthenic	calisþenic	en-US
calisthenics	calisþenics	en-US
caltha	calða	en-US
carithers	cariðers	en-US
carnathan	carnaþan	en-US
carothers	caroðers	en-US
carrithers	carriðers	en-US
carrothers	carroðers	en-US
carruth	carruþ	en-US
carruthers	carruðers	en-US
carthage	carþage	en-US
carthaginian	carþaginian	en-US
caruth	caruþ	en-US
caruthers	caruðers	en-US
catharine	caþarine	en-US
catharines	caþarines	en-US
catharsis	caþarsis	en-US
cathartic	caþartic	en-US
cathay	caþay	en-US
cathcart	caþcart	en-US
cathedral	caþedral	en-US
cathedrals	caþedrals	en-US
cathell	caþell	en-US
cather	caðer	en-US
cather's	caðer's	en-US
catherina	caþerina	en-US
catherine	caþerine	en-US
catherine's	caþerine's	en-US
catherines	caþerines	en-US
catherman	caðerman	en-US
cathers	caðers	en-US
catherwood	caðerwood	en-US
catheter	caþeter	en-US
catheters	caþeters	en-US
cathey	caðey	en-US
cathie	caþie	en-US
cathleen	caþleen	en-US
cathmor	caþmor	en-US
cathode	caþode	en-US
cathodes	caþodes	en-US
catholic	caþolic	en-US
catholicism	caþolicism	en-US
catholics	caþolics	en-US
cathy	caþy	en-US
cathy's	caþy's	en-US
cauthen	cauþen	en-US
cauthon	cauþon	en-US
cauthorn	cauþorn	en-US
cawthon	cawþon	en-US
cawthorn	cawþorn	en-US
cawthorne	cawþorne	en-US
cenith	ceniþ	en-US
cenith's	ceniþ's	en-US
charlesworth	charlesworþ	en-US
chatsworth	chatsworþ	en-US
cheetham	cheeþam	en-US
chemotherapy	chemoþerapy	en-US
chenoweth	chenoweþ	en-US
childbirth	childbirþ	en-US
chillicothe	chillicoþe	en-US
chrysanthemum	chrysanþemum	en-US
chrysanthemums	chrysanþemums	en-US
chynoweth	chynoweþ	en-US
cinthie	cinþie	en-US
cleantha	cleanþa	en-US
cliantha	clianþa	en-US
cloth	cloþ	en-US
clothe	cloðe	en-US
clothed	cloðed	en-US
clothes	cloðes	en-US
clothestime	cloðestime	en-US
clothier	cloðier	en-US
clothiers	cloðiers	en-US
clothilda	cloþilda	en-US
clothilde	cloþilde	en-US
clothing	cloðing	en-US
cloths	cloþs	en-US
clouthier	clouþier	en-US
coauthor	coauþor	en-US
coauthored	coauþored	en-US
coauthoring	coauþoring	en-US
coauthors	coauþors	en-US
coelacanth	coelacanþ	en-US
colbath	colbaþ	en-US
colebreath	colebreaþ	en-US
collingsworth	collingsworþ	en-US
collinsworth	collinsworþ	en-US
coltharp	colþarp	en-US
cometh	comeþ	en-US
commonwealth	commonwealþ	en-US
commonwealth's	commonwealþ's	en-US
conrath	conraþ	en-US
coopersmith	coopersmiþ	en-US
coppersmith	coppersmiþ	en-US
corath	coraþ	en-US
corinth	corinþ	en-US
corinthian	corinþian	en-US
cornforth	cornforþ	en-US
cotham	coþam	en-US
cothern	coðern	en-US
cothran	coþran	en-US
cothren	coþren	en-US
cothron	coþron	en-US
cottonmouth	cottonmouþ	en-US
coulthard	coulþard	en-US
cowperthwaite	cowperþwaite	en-US
cravath	cravaþ	en-US
creath	creaþ	en-US
credithrift	crediþrift	en-US
creditworthiness	creditworðiness	en-US
creditworthy	creditworðy	en-US
crosthwait	crosþwait	en-US
crosthwaite	crosþwaite	en-US
crothers	croðers	en-US
crouthamel	crouþamel	en-US
crowther	crowðer	en-US
crowther's	crowþer's	en-US
crowthers	crowþers	en-US
cruthirds	cruþirds	en-US
cudworth	cudworþ	en-US
culbreath	culbreaþ	en-US
culbreth	culbreþ	en-US
cutbirth	cutbirþ	en-US
cuthbert	cuþbert	en-US
cuthbertson	cuþbertson	en-US
cuthrell	cuþrell	en-US
cutsforth	cutsforþ	en-US
cutthroat	cutþroat	en-US
cynth	cynþ	en-US
cynthia	cynþia	en-US
cynthia's	cynþia's	en-US
cynthie	cynþie	en-US
cytherea	cyþerea	en-US
daleth	daleþ	en-US
damuth	damuþ	en-US
danforth	danforþ	en-US
dansforth	dansforþ	en-US
dansforth's	dansforþ's	en-US
darth	darþ	en-US
dartmouth	dartmouþ	en-US
dartmouth's	dartmouþ's	en-US
dearth	dearþ	en-US
death	deaþ	en-US
death's	deaþ's	en-US
deathbed	deaþbed	en-US
deatherage	deaþerage	en-US
deathly	deaþly	en-US
deaths	deaþs	en-US
deathshot	deaþshot	en-US
deathwatch	deaþwatch	en-US
decathlete	decaþlete	en-US
decathlon	decaþlon	en-US
demuth	demuþ	en-US
depth	depþ	en-US
depths	depþs	en-US
derleth	derleþ	en-US
derthick	derþick	en-US
desmith	desmiþ	en-US
detherage	deðerage	en-US
dethlefs	deþlefs	en-US
dethlefsen	deþlefsen	en-US
dethloff	deþloff	en-US
dethomas	deþomas	en-US
dethrone	deþrone	en-US
dethroned	deþroned	en-US
dextrathoraphan	dextraþoraphan	en-US
diantha	dianþa	en-US
dianthe	dianðe	en-US
dianthia	dianþia	en-US
diathermy	diaþermy	en-US
dilithium	diliþium	en-US
dillworth	dillworþ	en-US
dilworth	dilworþ	en-US
diphtheria	diphþeria	en-US
diphthong	diphþong	en-US
dith	diþ	en-US
dither	diðer	en-US
dithering	diðering	en-US
dithers	diðers	en-US
dithyramb	diþyramb	en-US
dodsworth	dodsworþ	en-US
donath	donaþ	en-US
donathan	donaþan	en-US
dorothea	doroþea	en-US
dorothy	doroþy	en-US
dorothy's	doroþy's	en-US
dorthea	dorðea	en-US
dorthy	dorþy	en-US
doth	doþ	en-US
dothan	doþan	en-US
doublethink	doubleþink	en-US
douthat	douþat	en-US
douthett	douþett	en-US
douthit	douþit	en-US
douthitt	douþitt	en-US
drenth	drenþ	en-US
drive-thru	drive-þru	en-US
drive-thrus	drive-þrus	en-US
druthers	druðers	en-US
ducksworth	ducksworþ	en-US
duckworth	duckworþ	en-US
duluth	duluþ	en-US
dulworth	dulworþ	en-US
dunsworth	dunsworþ	en-US
dunworth	dunworþ	en-US
dushyanth	dushyanþ	en-US
duthie	duþie	en-US
earth	earþ	en-US
earth's	earþ's	en-US
earth-like	earþ-like	en-US
eartha	earþa	en-US
earthbound	earþbound	en-US
earthen	earþen	en-US
earthenware	earþenware	en-US
earthling	earþling	en-US
earthlings	earþlings	en-US
earthly	earþly	en-US
earthmoving	earþmoving	en-US
earthquake	earþquake	en-US
earthquake's	earþquake's	en-US
earthquakes	earþquakes	en-US
earths	earþs	en-US
earthshaking	earþshaking	en-US
earthshine	earþshine	en-US
earthstar	earþstar	en-US
earthwork	earþwork	en-US
earthworm	earþworm	en-US
earthworms	earþworms	en-US
earthy	earþy	en-US
eatherly	eaðerly	en-US
eatherton	eaþerton	en-US
eckenroth	eckenroþ	en-US
eckroth	eckroþ	en-US
edgeworth	edgeworþ	en-US
edith	ediþ	en-US
editha	ediða	en-US
edithe	ediðe	en-US
edyth	edyþ	en-US
edythe	edyðe	en-US
eighteenth	eighteenþ	en-US
eighth	eighþ	en-US
eighths	eighþs	en-US
eightieth	eightieþ	en-US
eisenbarth	eisenbarþ	en-US
eisenhuth	eisenhuþ	en-US
either	eiðer	en-US
eldreth	eldreþ	en-US
eleuthera	eleuþera	en-US
eleventh	elevenþ	en-US
elisabeth	elisabeþ	en-US
elizabeth	elizabeþ	en-US
elizabeth's	elizabeþ's	en-US
elizabethan	elizabeþan	en-US
elizabethtown	elizabeþtown	en-US
ellingsworth	ellingsworþ	en-US
ellithorpe	elliþorpe	en-US
ellsworth	ellsworþ	en-US
elsworth	elsworþ	en-US
eltzroth	eltzroþ	en-US
empath	empaþ	en-US
empathetic	empaþetic	en-US
empathize	empaþize	en-US
empathy	empaþy	en-US
encephalopathy	encephalopaþy	en-US
endothelial	endoþelial	en-US
endothermic	endoþermic	en-US
englerth	englerþ	en-US
enthral	enþral	en-US
enthralled	enþralled	en-US
enthuse	enþuse	en-US
enthused	enþused	en-US
enthusiasm	enþusiasm	en-US
enthusiasms	enþusiasms	en-US
enthusiast	enþusiast	en-US
enthusiastic	enþusiastic	en-US
enthusiastically	enþusiastically	en-US
enthusiasts	enþusiasts	en-US
entregrowth	entregrowþ	en-US
epithelial	epiþelial	en-US
epithet	epiþet	en-US
epithets	epiþets	en-US
eranthe	eranþe	en-US
ertha	erða	en-US
erythropoietin	eryþropoietin	en-US
espeseth	espeseþ	en-US
esthetic	esþetic	en-US
esthetically	esþetically	en-US
esthetics	esþetics	en-US
estruth	estruþ	en-US
esworthy	esworðy	en-US
ethan	eþan	en-US
ethane	eþane	en-US
ethanol	eþanol	en-US
ethel	eþel	en-US
ethelbert	eþelbert	en-US
ethelda	eþelda	en-US
ethelinda	eþelinda	en-US
etheline	eþeline	en-US
etheljean	eþeljean	en-US
ethelson	eþelson	en-US
ethelyn	eþelyn	en-US
ethene	eþene	en-US
ether	eþer	en-US
ethereal	eþereal	en-US
etheredge	eþeredge	en-US
etheridge	eþeridge	en-US
etherington	eðerington	en-US
ethernet	eþernet	en-US
ethers	eþers	en-US
etherton	eþerton	en-US
ethic	eþic	en-US
ethical	eþical	en-US
ethically	eþically	en-US
ethicist	eþicist	en-US
ethicists	eþicists	en-US
ethicon	eþicon	en-US
ethics	eþics	en-US
ethier	eþier	en-US
ethington	eþington	en-US
ethiopia	eþiopia	en-US
ethiopia's	eþiopia's	en-US
ethiopian	eþiopian	en-US
ethiopians	eþiopians	en-US
ethnic	eþnic	en-US
ethnical	eþnical	en-US
ethnically	eþnically	en-US
ethnicity	eþnicity	en-US
ethnics	eþnics	en-US
ethnocentric	eþnocentric	en-US
ethnocentrism	eþnocentrism	en-US
ethnographic	eþnographic	en-US
ethnology	eþnology	en-US
ethnomusicologist	eþnomusicologist	en-US
ethnos	eþnos	en-US
ethnos's	eþnos's	en-US
ethology	eþology	en-US
ethos	eþos	en-US
ethridge	eþridge	en-US
ethyl	eþyl	en-US
ethylene	eþylene	en-US
ethyol	eþyol	en-US
euthanasia	euþanasia	en-US
euthanasia's	euþanasia's	en-US
euthanize	euþanize	en-US
eveleth	eveleþ	en-US
everything	everyþing	en-US
everything's	everyþing's	en-US
everythings	everyþings	en-US
exothermic	exoþermic	en-US
faeth	faeþ	en-US
fagoth	fagoþ	en-US
fairbrother	fairbroðer	en-US
faircloth	faircloþ	en-US
fairweather	fairweaðer	en-US
faith	faiþ	en-US
faithful	faiþful	en-US
faithfully	faiþfully	en-US
faithfulness	faiþfulness	en-US
faithfuls	faiþfuls	en-US
faiths	faiþs	en-US
falmouth	falmouþ	en-US
farnsworth	farnsworþ	en-US
farnworth	farnworþ	en-US
farther	farðer	en-US
farthest	farðest	en-US
farthing	farðing	en-US
farthingale	farðingale	en-US
fath	faþ	en-US
father	faðer	en-US
father's	faðer's	en-US
father-in-law	faðer-in-law	en-US
fathered	faðered	en-US
fatheree	faþeree	en-US
fatherhood	faðerhood	en-US
fathering	faðering	en-US
fatherland	faðerland	en-US
fatherless	faðerless	en-US
fatherly	faðerly	en-US
fathers	faðers	en-US
fathers'	faþers'	en-US
fathi	faþi	en-US
fathom	faðom	en-US
fathomable	faðomable	en-US
fathoms	faðoms	en-US
fauth	fauþ	en-US
feather	feaðer	en-US
featherbed	feaðerbed	en-US
featherbedding	feaðerbedding	en-US
feathered	feaðered	en-US
feathering	feaðering	en-US
featherless	feaðerless	en-US
featherly	feaðerly	en-US
feathers	feaðers	en-US
featherston	feaðerston	en-US
featherstone	feaðerstone	en-US
featherweight	feaðerweight	en-US
feathery	feaðery	en-US
feith	feiþ	en-US
feith's	feiþ's	en-US
fellmeth	fellmeþ	en-US
felsenthal	felsenþal	en-US
fetherolf	feþerolf	en-US
fetherston	feþerston	en-US
fifteenth	fifteenþ	en-US
fifth	fifþ	en-US
fifths	fifþs	en-US
fiftieth	fiftieþ	en-US
filth	filþ	en-US
filthy	filþy	en-US
firstsouth	firstsouþ	en-US
firth	firþ	en-US
fithe	fiþe	en-US
fithian	fiþian	en-US
flath	flaþ	en-US
flathers	flaðers	en-US
flythe	flyðe	en-US
foot-and-mouth	foot-and-mouþ	en-US
footpath	footpaþ	en-US
forefather	forefaðer	en-US
forefathers	forefaðers	en-US
forethought	foreþought	en-US
forseth	forseþ	en-US
forsyth	forsyþ	en-US
forsythe	forsyðe	en-US
forsythia	forsyþia	en-US
forsythias	forsyþias	en-US
forth	forþ	en-US
forthcoming	forþcoming	en-US
forthright	forþright	en-US
forthrightly	forþrightly	en-US
forthrightness	forþrightness	en-US
forthwith	forþwiþ	en-US
fortieth	fortieþ	en-US
foth	foþ	en-US
fothergill	foðergill	en-US
fotheringham	foðeringham	en-US
fourteenth	fourteenþ	en-US
fourth	fourþ	en-US
fourth's	fourþ's	en-US
fourthly	fourþly	en-US
fourthquarter	fourþquarter	en-US
fourths	fourþs	en-US
foxworth	foxworþ	en-US
foxworthy	foxworðy	en-US
foxworthy's	foxworðy's	en-US
freethinker	freeþinker	en-US
freethinkers	freeþinkers	en-US
freiermuth	freiermuþ	en-US
freimuth	freimuþ	en-US
freudenthal	freudenþal	en-US
freyermuth	freyermuþ	en-US
frith	friþ	en-US
frogmouth	frogmouþ	en-US
frogmouths	frogmouþs	en-US
froth	froþ	en-US
frothiness	froþiness	en-US
frothingham	froþingham	en-US
froths	froþs	en-US
frothy	froþy	en-US
fruth	fruþ	en-US
fthenakis	fþenakis	en-US
fuerth	fuerþ	en-US
furth	furþ	en-US
further	furðer	en-US
furtherance	furþerance	en-US
furthered	furðered	en-US
furthering	furðering	en-US
furthermore	furðermore	en-US
furthers	furðers	en-US
furthest	furþest	en-US
futher	fuðer	en-US
gaeth	gaeþ	en-US
gaither	gaiþer	en-US
gaithersburg	gaiþersburg	en-US
galbraith	galbraiþ	en-US
galbreath	galbreaþ	en-US
galsworthy	galsworðy	en-US
gareth	gareþ	en-US
garth	garþ	en-US
garthwaite	garþwaite	en-US
gath	gaþ	en-US
gather	gaðer	en-US
gathered	gaðered	en-US
gatherer	gaðerer	en-US
gatherers	gaðerers	en-US
gathering	gaðering	en-US
gatherings	gaðerings	en-US
gathers	gaðers	en-US
gathings	gaþings	en-US
gathman	gaþman	en-US
gathright	gaþright	en-US
gauthier	gauþier	en-US
gauthreaux	gauþreaux	en-US
gawthrop	gawþrop	en-US
genther	genðer	en-US
genthner	genþner	en-US
geothermal	geoþermal	en-US
gerth	gerþ	en-US
get-together	get-togeðer	en-US
get-togethers	get-togeðers	en-US
gethers	geðers	en-US
ghadafithe	ghadafiþe	en-US
gilbreath	gilbreaþ	en-US
gilbreth	gilbreþ	en-US
gilreath	gilreaþ	en-US
ginther	ginðer	en-US
girth	girþ	en-US
githa	giða	en-US
githens	giþens	en-US
giveth	giveþ	en-US
gluth	gluþ	en-US
godfather	godfaðer	en-US
godfather's	godfaðer's	en-US
godfathers	godfaðers	en-US
godmother	godmoðer	en-US
godmothers	godmoðers	en-US
goethals	goeþals	en-US
goethe	goeþe	en-US
goforth	goforþ	en-US
goldenthal	goldenþal	en-US
goldenthal's	goldenþal's	en-US
goldsmith	goldsmiþ	en-US
goldsmith's	goldsmiþ's	en-US
goldsworthy	goldsworðy	en-US
goldthwaite	goldþwaite	en-US
goliath	goliaþ	en-US
goliaths	goliaþs	en-US
gopinath	gopinaþ	en-US
goth	goþ	en-US
gotham	goþam	en-US
gothard	goþard	en-US
gothic	goþic	en-US
gotthardt	gotþardt	en-US
grandfather	grandfaðer	en-US
grandfather's	grandfaðer's	en-US
grandfathered	grandfaðered	en-US
grandfathering	grandfaðering	en-US
grandfatherly	grandfaðerly	en-US
grandfathers	grandfaðers	en-US
grandmother	grandmoðer	en-US
grandmother's	grandmoðer's	en-US
grandmotherly	grandmoðerly	en-US
grandmothers	grandmoðers	en-US
grantham	granþam	en-US
grathwohl	graþwohl	en-US
great-grandfather	great-grandfaðer	en-US
great-grandmother	great-grandmoþer	en-US
greetham	greeþam	en-US
greth	greþ	en-US
grethel	greþel	en-US
grether	greðer	en-US
griffeth	griffeþ	en-US
griffith	griffiþ	en-US
griffith's	griffiþ's	en-US
griffiths	griffiþs	en-US
gronseth	gronseþ	en-US
groth	groþ	en-US
grothe	groðe	en-US
grotheer	groþeer	en-US
growth	growþ	en-US
growth's	growþ's	en-US
growths	growþs	en-US
grub-thief	grub-þief	en-US
grub-thieves	grub-þieves	en-US
guenther	guenþer	en-US
guenthner	guenþner	en-US
guinther	guinðer	en-US
gunther	gunþer	en-US
gutermuth	gutermuþ	en-US
guth	guþ	en-US
gutherie	guþerie	en-US
guthery	guþery	en-US
guthmiller	guþmiller	en-US
guthridge	guþridge	en-US
guthrie	guþrie	en-US
guthrie's	guþrie's	en-US
gwyneth	gwyneþ	en-US
gwyneth's	gwyneþ's	en-US
gwyneths	gwyneþs	en-US
gytha	gyða	en-US
hackathon	hackaþon	en-US
hackathorn	hackaþorn	en-US
hackbarth	hackbarþ	en-US
hackworth	hackworþ	en-US
hainsworth	hainsworþ	en-US
haith	haiþ	en-US
haithcock	haiþcock	en-US
halseth	halseþ	en-US
hammersmith	hammersmiþ	en-US
hanthorn	hanþorn	en-US
harth	harþ	en-US
harvath	harvaþ	en-US
hath	haþ	en-US
hathaway	haþaway	en-US
hathaway's	haþaway's	en-US
hathcoat	haþcoat	en-US
hathcock	haþcock	en-US
hatheway	haðeway	en-US
hathorn	haþorn	en-US
hathorne	haþorne	en-US
hauswirth	hauswirþ	en-US
hauth	hauþ	en-US
haworth	haworþ	en-US
hawthorn	hawþorn	en-US
hawthorne	hawþorne	en-US
hawthorne's	hawþorne's	en-US
hawthorns	hawþorns	en-US
haynesworth	haynesworþ	en-US
haynsworth	haynsworþ	en-US
hayworth	hayworþ	en-US
health	healþ	en-US
health's	healþ's	en-US
healthamerica	healþamerica	en-US
healthcare	healþcare	en-US
healthcare's	healþcare's	en-US
healthcorp	healþcorp	en-US
healthdyne	healþdyne	en-US
healthful	healþful	en-US
healthier	healþier	en-US
healthiest	healþiest	en-US
healthiness	healþiness	en-US
healthsource	healþsource	en-US
healthsouth	healþsouþ	en-US
healthtrust	healþtrust	en-US
healthtrust's	healþtrust's	en-US
healthvest	healþvest	en-US
healthweek	healþweek	en-US
healthwork	healþwork	en-US
healthworks	healþworks	en-US
healthy	healþy	en-US
hearth	hearþ	en-US
hearths	hearþs	en-US
heartthrob	heartþrob	en-US
heartthrobs	heartþrobs	en-US
heath	heaþ	en-US
heath's	heaþ's	en-US
heathcliff	heaþcliff	en-US
heathcock	heaþcock	en-US
heathcote	heaþcote	en-US
heathen	heaðen	en-US
heather	heaðer	en-US
heather's	heaðer's	en-US
heatherington	heaðerington	en-US
heatherly	heaðerly	en-US
heathers	heaðers	en-US
heathman	heaþman	en-US
heathrow	heaþrow	en-US
heathrow's	heaþrow's	en-US
heathwood	heaþwood	en-US
heckathorn	heckaþorn	en-US
hedgepath	hedgepaþ	en-US
hedgepeth	hedgepeþ	en-US
hedgpeth	hedgpeþ	en-US
heighth	heighþ	en-US
heimsoth	heimsoþ	en-US
heldreth	heldreþ	en-US
hellmuth	hellmuþ	en-US
helminth	helminþ	en-US
helmuth	helmuþ	en-US
helseth	helseþ	en-US
henceforth	henceforþ	en-US
henthorn	henþorn	en-US
henthorne	henþorne	en-US
heptathlon	heptaþlon	en-US
hepworth	hepworþ	en-US
herewith	herewiþ	en-US
herfurth	herfurþ	en-US
hertha	herþa	en-US
hesketh	heskeþ	en-US
hesther	hesðer	en-US
heth	heþ	en-US
hetherington	heðerington	en-US
hiawatha	hiawaþa	en-US
higgenbotham	higgenboþam	en-US
higginbotham	higginboþam	en-US
highsmith	highsmiþ	en-US
higinbotham	higinboþam	en-US
hildreth	hildreþ	en-US
hirth	hirþ	en-US
hither	hiðer	en-US
hitherto	hiðerto	en-US
hochmuth	hochmuþ	en-US
hockensmith	hockensmiþ	en-US
hockersmith	hockersmiþ	en-US
hoffarth	hoffarþ	en-US
hogarth	hogarþ	en-US
holdsworth	holdsworþ	en-US
hollandsworth	hollandsworþ	en-US
hollingsworth	hollingsworþ	en-US
hollingworth	hollingworþ	en-US
hollinsworth	hollinsworþ	en-US
holsworth	holsworþ	en-US
holthus	holþus	en-US
holzwarth	holzwarþ	en-US
holzworth	holzworþ	en-US
homeopathic	homeopaþic	en-US
homeopathy	homeopaþy	en-US
homuth	homuþ	en-US
horvath	horvaþ	en-US
horvath's	horvaþ's	en-US
horwath	horwaþ	en-US
hoth	hoþ	en-US
houseworth	houseworþ	en-US
howarth	howarþ	en-US
howeth	howeþ	en-US
howorth	howorþ	en-US
hoxworth	hoxworþ	en-US
hudspeth	hudspeþ	en-US
huether	hueðer	en-US
hundredth	hundredþ	en-US
hundredths	hundredþs	en-US
huth	huþ	en-US
hyacinth	hyacinþ	en-US
hyacintha	hyacinþa	en-US
hyacinthe	hyacinþe	en-US
hyacinthia	hyacinþia	en-US
hyacinthie	hyacinþie	en-US
hyacinths	hyacinþs	en-US
hydrotherapy	hydroþerapy	en-US
hydrothermal	hydroþermal	en-US
hypothalamic	hypoþalamic	en-US
hypotheken	hypoþeken	en-US
hypothermia	hypoþermia	en-US
hypotheses	hypoþeses	en-US
hypothesis	hypoþesis	en-US
hypothesize	hypoþesize	en-US
hypothesized	hypoþesized	en-US
hypothetical	hypoþetical	en-US
hypothetically	hypoþetically	en-US
hypotheticals	hypoþeticals	en-US
iantha	ianþa	en-US
ianthe	ianþe	en-US
ianthina	ianþina	en-US
idiopath	idiopaþ	en-US
idiopathic	idiopaþic	en-US
illingworth	illingworþ	en-US
immunotherapy	immunoþerapy	en-US
inkatha	inkaþa	en-US
inkatha's	inkaþa's	en-US
interfaith	interfaiþ	en-US
internorth	internorþ	en-US
iolanthe	iolanþe	en-US
isothermal	isoþermal	en-US
ithaca	iþaca	en-US
ithaca's	iþaca's	en-US
jacinth	jacinþ	en-US
jacintha	jacinþa	en-US
jacinthe	jacinþe	en-US
janthina	janþina	en-US
jaquith	jaquiþ	en-US
jethro	jeþro	en-US
johnathan	johnaþan	en-US
johnathan's	johnaþan's	en-US
johnathon	johnaþon	en-US
johnathon's	johnaþon's	en-US
jonathan	jonaþan	en-US
jonathan's	jonaþan's	en-US
jonathon	jonaþon	en-US
jonothan	jonoþan	en-US
josephthal	josephþal	en-US
joy-thrill	joy-þrill	en-US
judith	judiþ	en-US
juditha	judiþa	en-US
jungbluth	jungbluþ	en-US
jungwirth	jungwirþ	en-US
kalthoff	kalþoff	en-US
kamrath	kamraþ	en-US
kath	kaþ	en-US
katha	kaþa	en-US
kathalene	kaþalene	en-US
kathan	kaþan	en-US
katharina	kaþarina	en-US
katharine	kaþarine	en-US
katherine	kaþerine	en-US
kathi	kaþi	en-US
kathie	kaþie	en-US
kathleen	kaþleen	en-US
kathleen's	kaþleen's	en-US
kathlene	kaþlene	en-US
kathline	kaþline	en-US
kathman	kaþman	en-US
kathryn	kaþryn	en-US
kathy	kaþy	en-US
kathy's	kaþy's	en-US
kauth	kauþ	en-US
keath	keaþ	en-US
keathley	keaþley	en-US
keathley's	keaþley's	en-US
keeth	keeþ	en-US
keinath	keinaþ	en-US
keith	keiþ	en-US
keith's	keiþ's	en-US
keithley	keiþley	en-US
keithly	keiþly	en-US
kempthorne	kempþorne	en-US
kenilworth	kenilworþ	en-US
kenneth	kenneþ	en-US
kenworth	kenworþ	en-US
kenworthy	kenworðy	en-US
kerth	kerþ	en-US
keyworth	keyworþ	en-US
killingsworth	killingsworþ	en-US
kinesthetic	kinesþetic	en-US
kithcart	kiþcart	en-US
klamath_falls	klamaþ_falls	en-US
kleinsmith	kleinsmiþ	en-US
kliethermes	klieþermes	en-US
klindworth	klindworþ	en-US
klingensmith	klingensmiþ	en-US
klintworth	klintworþ	en-US
kloth	kloþ	en-US
kluth	kluþ	en-US
knoth	knoþ	en-US
knuth	knuþ	en-US
koether	koeðer	en-US
kollath	kollaþ	en-US
konrath	konraþ	en-US
kornbluth	kornbluþ	en-US
korth	korþ	en-US
korthals	korþals	en-US
kossuth	kossuþ	en-US
koth	koþ	en-US
kothari	koþari	en-US
kothe	koðe	en-US
krauth	krauþ	en-US
kroboth	kroboþ	en-US
kuether	kueðer	en-US
kunath	kunaþ	en-US
kurth	kurþ	en-US
labyrinth	labyrinþ	en-US
labyrinthine	labyrinþine	en-US
laccoliths	laccoliþs	en-US
lamberth	lamberþ	en-US
lambeth	lambeþ	en-US
lamothe	lamoðe	en-US
landreth	landreþ	en-US
landrith	landriþ	en-US
langguth	langguþ	en-US
langseth	langseþ	en-US
langworth	langworþ	en-US
langworthy	langworðy	en-US
lanthanum	lanþanum	en-US
lanthier	lanþier	en-US
lath	laþ	en-US
latham	laþam	en-US
latham's	laþam's	en-US
lathan	laþan	en-US
lathe	laðe	en-US
lathem	laþem	en-US
lather	laðer	en-US
lathers	laðers	en-US
lathes	laðes	en-US
lathon	laþon	en-US
lathouris	laþouris	en-US
lathrop	laþrop	en-US
laubenthal	laubenþal	en-US
lauth	lauþ	en-US
laventhol	lavenþol	en-US
lawther	lawðer	en-US
laythan	layþan	en-US
leath	leaþ	en-US
leath's	leaþ's	en-US
leatham	leaþam	en-US
leathem	leaþem	en-US
leather	leaðer	en-US
leatherback	leaðerback	en-US
leatherbacks	leaðerbacks	en-US
leatherberry	leaðerberry	en-US
leatherbury	leaðerbury	en-US
leatherman	leaðerman	en-US
leathers	leaðers	en-US
leatherwood	leaðerwood	en-US
leathery	leaðery	en-US
leavenworth	leavenworþ	en-US
lebenthal	lebenþal	en-US
lecithin	leciþin	en-US
ledwith	ledwiþ	en-US
leeth	leeþ	en-US
leith	leiþ	en-US
leitha	leiða	en-US
leithia	leiðia	en-US
length	lengþ	en-US
lengthen	lengþen	en-US
lengthened	lengþened	en-US
lengthening	lengþening	en-US
lengthens	lengþens	en-US
lengths	lengþs	en-US
lengthways	lengþways	en-US
lengthwise	lengþwise	en-US
lengthy	lengþy	en-US
lesotho	lesoþo	en-US
letchworth	letchworþ	en-US
leth	leþ	en-US
letha	leþa	en-US
lethal	leþal	en-US
lethality	leþality	en-US
lethargic	leþargic	en-US
lethargy	leþargy	en-US
lethco	leþco	en-US
lethia	leþia	en-US
leuthold	leuþold	en-US
leventhal	levenþal	en-US
leviathan	leviaþan	en-US
lieberthal	lieberþal	en-US
life-threatening	life-þreatening	en-US
lilienthal	lilienþal	en-US
lilith	liliþ	en-US
lindemuth	lindemuþ	en-US
lindenmuth	lindenmuþ	en-US
lindroth	lindroþ	en-US
lindseth	lindseþ	en-US
linthicum	linþicum	en-US
lisabeth	lisabeþ	en-US
lisbeth	lisbeþ	en-US
lithe	liðe	en-US
litherland	liþerland	en-US
lithgow	liþgow	en-US
lithic	liþic	en-US
lithium	liþium	en-US
lithograph	liþograph	en-US
lithographic	liþographic	en-US
lithographs	liþographs	en-US
lithography	liþography	en-US
lithotripter	liþotripter	en-US
lithuania	liþuania	en-US
lithuania's	liþuania's	en-US
lithuanian	liþuanian	en-US
lithuanians	liþuanians	en-US
lizabeth	lizabeþ	en-US
loath	loaþ	en-US
loathe	loaðe	en-US
loathed	loaðed	en-US
loathing	loaþing	en-US
loathsome	loaðsome	en-US
locksmith	locksmiþ	en-US
loewenthal	loewenþal	en-US
lofthus	lofþus	en-US
logarithm	logariðm	en-US
logarithmic	logariðmic	en-US
logarithms	logariðms	en-US
logothetis	logoþetis	en-US
loincloth	loincloþ	en-US
longstreth	longstreþ	en-US
longsworth	longsworþ	en-US
longworth	longworþ	en-US
loth	loþ	en-US
lothian	loþian	en-US
lothrop	loþrop	en-US
lothson	loþson	en-US
louth	louþ	en-US
louthan	louþan	en-US
lowenthal	lowenþal	en-US
lowther	lowðer	en-US
lueth	lueþ	en-US
luth	luþ	en-US
luther	luþer	en-US
lutheran	luþeran	en-US
lutherans	luþerans	en-US
luthi	luði	en-US
luthy	luþy	en-US
lymphadenopathy	lymphadenopaþy	en-US
lythgoe	lyþgoe	en-US
macarthur	macarþur	en-US
macbeth	macbeþ	en-US
maccarthy	maccarþy	en-US
magrath	magraþ	en-US
mahathir	mahaþir	en-US
malathion	malaþion	en-US
mammoth	mammoþ	en-US
mammoths	mammoþs	en-US
mangosuthu	mangosuþu	en-US
manthe	manðe	en-US
manthei	manðei	en-US
manthey	manþey	en-US
mantooth	mantooþ	en-US
mapplethorpe	mappleþorpe	en-US
marathon	maraþon	en-US
marathons	maraþons	en-US
margarethe	margareðe	en-US
marth	marþ	en-US
martha	marþa	en-US
martha's	marþa's	en-US
marthaler	marþaler	en-US
marthe	marðe	en-US
marthena	marþena	en-US
marybeth	marybeþ	en-US
maryruth	maryruþ	en-US
massoth	massoþ	en-US
math	maþ	en-US
mathai	maðai	en-US
mathan	maþan	en-US
mathe	maðe	en-US
mathea	maðea	en-US
matheis	maðeis	en-US
mathematic	maþematic	en-US
mathematical	maþematical	en-US
mathematically	maþematically	en-US
mathematician	maþematician	en-US
mathematicians	maþematicians	en-US
mathematics	maþematics	en-US
mathena	maþena	en-US
matheney	maþeney	en-US
matheny	maþeny	en-US
mather	maðer	en-US
matherly	maðerly	en-US
mathern	maðern	en-US
matherne	maþerne	en-US
mathers	maðers	en-US
matherson	maþerson	en-US
mathes	maþes	en-US
matheson	maþeson	en-US
matheson's	maþeson's	en-US
matheus	maðeus	en-US
mathew	maþew	en-US
mathews	maþews	en-US
mathewson	maþewson	en-US
mathey	maðey	en-US
mathia	maðia	en-US
mathias	maþias	en-US
mathiasen	maþiasen	en-US
mathiason	maþiason	en-US
mathie	maþie	en-US
mathies	maþies	en-US
mathiesen	maþiesen	en-US
mathieson	maþieson	en-US
mathieu	maþieu	en-US
mathilde	maþilde	en-US
mathis	maþis	en-US
mathisen	maþisen	en-US
mathison	maþison	en-US
mathur	maþur	en-US
mathwig	maþwig	en-US
mathy	maþy	en-US
mathys	maþys	en-US
matthea	matðea	en-US
mattheis	matðeis	en-US
matthes	matþes	en-US
matthew	matþew	en-US
matthew's	matþew's	en-US
matthews	matþews	en-US
matthews's	matþews's	en-US
matthewson	matþewson	en-US
matthey	matðey	en-US
matthia	matðia	en-US
matthias	matþias	en-US
matthies	matþies	en-US
matthiesen	matþiesen	en-US
matthis	matþis	en-US
matthys	matþys	en-US
mauthe	mauðe	en-US
mayweather	mayweaðer	en-US
mcarthur	mcarþur	en-US
mcbeath	mcbeaþ	en-US
mcbeth	mcbeþ	en-US
mccartha	mccarþa	en-US
mccarthy	mccarþy	en-US
mccarthy's	mccarþy's	en-US
mccarthyism	mccarþyism	en-US
mccarthyite	mccarþyite	en-US
mccauthy	mccauþy	en-US
mcclenathan	mcclenaþan	en-US
mcconathy	mcconaþy	en-US
mcelrath	mcelraþ	en-US
mcelreath	mcelreaþ	en-US
mcgath	mcgaþ	en-US
mcglothen	mcgloþen	en-US
mcglothin	mcgloþin	en-US
mcglothlin	mcgloþlin	en-US
mcgrath	mcgraþ	en-US
mcilrath	mcilraþ	en-US
mckeithan	mckeiþan	en-US
mckeithen	mckeiþen	en-US
mckethan	mckeþan	en-US
mclouth	mclouþ	en-US
mcmath	mcmaþ	en-US
mcquethy	mcqueþy	en-US
mcquethy's	mcqueþy's	en-US
mcwethy	mcweþy	en-US
meath	meaþ	en-US
meckstroth	meckstroþ	en-US
megadeath	megadeaþ	en-US
melantha	melanða	en-US
menthol	menþol	en-US
mentholatum	menþolatum	en-US
meredith	merediþ	en-US
merideth	merideþ	en-US
meridith	meridiþ	en-US
merithew	meriþew	en-US
meriweather	meriweaðer	en-US
meriwether	meriweðer	en-US
merriweather	merriweaðer	en-US
merriwether	merriweðer	en-US
mesolithic	mesoliþic	en-US
mesothelioma	mesoþelioma	en-US
mesothorax	mesoþorax	en-US
messersmith	messersmiþ	en-US
metathorax	metaþorax	en-US
meth	meþ	en-US
methadone	meþadone	en-US
methamphetamine	meþamphetamine	en-US
methane	meþane	en-US
methanex	meþanex	en-US
methanol	meþanol	en-US
methazine	meþazine	en-US
metheney	meþeney	en-US
metheny	meþeny	en-US
methner	meþner	en-US
method	meþod	en-US
methode	meþode	en-US
methodical	meþodical	en-US
methodically	meþodically	en-US
methodism	meþodism	en-US
methodisms	meþodisms	en-US
methodist	meþodist	en-US
methodological	meþodological	en-US
methodologies	meþodologies	en-US
methodology	meþodology	en-US
methods	meþods	en-US
methot	meþot	en-US
methotrexate	meþotrexate	en-US
methought	meþought	en-US
methuselah	meþuselah	en-US
methvin	meþvin	en-US
methyl	meþyl	en-US
methylene	meþylene	en-US
metpath	metpaþ	en-US
metrahealth	metrahealþ	en-US
meuth	meuþ	en-US
middle-earth	middle-earþ	en-US
middle-of-the-road	middle-of-þe-road	en-US
middlesworth	middlesworþ	en-US
midthun	midþun	en-US
milbrath	milbraþ	en-US
millionth	millionþ	en-US
millionths	millionþs	en-US
mintha	minþa	en-US
mirth	mirþ	en-US
misanthrope	misanþrope	en-US
mithcell	miþcell	en-US
mithridate	miþridate	en-US
mithridates	miþridates	en-US
mithun	miþun	en-US
mmabatho	mmabaþo	en-US
molesworth	molesworþ	en-US
monmouth	monmouþ	en-US
monmouth's	monmouþ's	en-US
monolith	monoliþ	en-US
monolithic	monoliþic	en-US
monoliths	monoliþs	en-US
monotheism	monoþeism	en-US
month	monþ	en-US
month's	monþ's	en-US
monthlong	monþlong	en-US
monthly	monþly	en-US
months	monþs	en-US
months'	monþs'	en-US
montieth	montieþ	en-US
montooth	montooþ	en-US
moothart	mooþart	en-US
morath	moraþ	en-US
morgenroth	morgenroþ	en-US
morgenthaler	morgenþaler	en-US
morgenthau	morgenþau	en-US
moth	moþ	en-US
mothball	moþball	en-US
mothballed	moþballed	en-US
mothballing	moþballing	en-US
mothballs	moþballs	en-US
mother	moðer	en-US
mother's	moðer's	en-US
mother-in-law	moðer-in-law	en-US
mothercare	moðercare	en-US
motherhood	moðerhood	en-US
mothering	moðering	en-US
motherland	moðerland	en-US
motherless	moðerless	en-US
motherly	moðerly	en-US
mothers	moðers	en-US
mothers'	moþers'	en-US
mothers-in-law	moðers-in-law	en-US
mothershead	moðershead	en-US
mothershed	moðershed	en-US
mothership	moðership	en-US
mothership's	moðership's	en-US
motherships	moðerships	en-US
mothon	moþon	en-US
moths	moþs	en-US
moulthrop	moulþrop	en-US
mouth	mouþ	en-US
mouthed	mouðed	en-US
mouthful	mouþful	en-US
mouthing	mouðing	en-US
mouthpart	mouþpart	en-US
mouthparts	mouþparts	en-US
mouthpiece	mouþpiece	en-US
mouthpieces	mouþpieces	en-US
mouths	mouðs	en-US
mouthwash	mouþwash	en-US
mouthy	mouþy	en-US
multiethnic	multieþnic	en-US
murtha	murþa	en-US
murthy	murþy	en-US
muth	muþ	en-US
myth	myþ	en-US
mythic	myþic	en-US
mythical	myþical	en-US
mythological	myþological	en-US
mythology	myþology	en-US
myths	myþs	en-US
naismith	naismiþ	en-US
naphtha	naphþa	en-US
naphthalene	naphþalene	en-US
nasworthy	nasworðy	en-US
nath	naþ	en-US
nathalia	naþalia	en-US
nathan	naþan	en-US
nathan's	naþan's	en-US
nathanael	naþanael	en-US
nathania	naþania	en-US
nathaniel	naþaniel	en-US
nathanson	naþanson	en-US
nathe	naðe	en-US
nathene	naþene	en-US
nazareth	nazareþ	en-US
neanderthal	neanderþal	en-US
neanderthals	neanderþals	en-US
neathery	neaþery	en-US
neither	neiðer	en-US
nemeth	nemeþ	en-US
nepenthe	nepenþe	en-US
nesmith	nesmiþ	en-US
nesseth	nesseþ	en-US
neth	neþ	en-US
nether	neðer	en-US
nethercutt	neþercutt	en-US
netherland	neðerland	en-US
netherlandic	neðerlandic	en-US
netherlands	neðerlands	en-US
netherlands'	neþerlands'	en-US
nethers	neðers	en-US
netherton	neðerton	en-US
netherworld	neðerworld	en-US
nethery	neðery	en-US
nethuva	neþuva	en-US
nethuva's	neþuva's	en-US
networth	networþ	en-US
neuharth	neuharþ	en-US
neurasthenia	neurasþenia	en-US
neuropathy	neuropaþy	en-US
neuroth	neuroþ	en-US
neuwirth	neuwirþ	en-US
nevertheless	neverðeless	en-US
newsworthy	newsworðy	en-US
niemuth	niemuþ	en-US
nineteenth	nineteenþ	en-US
ninetieth	ninetieþ	en-US
ninth	ninþ	en-US
ninths	ninþs	en-US
nithuekan	niþuekan	en-US
nithuekan's	niþuekan's	en-US
noeth	noeþ	en-US
non-catholic	non-caþolic	en-US
non-catholics	non-caþolics	en-US
non-lethal	non-leþal	en-US
nonetheless	noneðeless	en-US
nonlethal	nonleþal	en-US
norsworthy	norsworðy	en-US
north	norþ	en-US
north's	norþ's	en-US
north-east	norþ-east	en-US
northam	norþam	en-US
northampton	norþampton	en-US
northbound	norþbound	en-US
northbrook	norþbrook	en-US
northcliff	norþcliff	en-US
northcott	norþcott	en-US
northcraft	norþcraft	en-US
northcutt	norþcutt	en-US
northeast	norþeast	en-US
northeast's	norþeast's	en-US
northeasterly	norþeasterly	en-US
northeastern	norþeastern	en-US
northeasterner	norþeasterner	en-US
northeasterners	norþeasterners	en-US
northeastward	norþeastward	en-US
norther	norðer	en-US
northerly	norðerly	en-US
northern	norðern	en-US
northern's	norðern's	en-US
northerner	norðerner	en-US
northerners	norðerners	en-US
northernmost	norðernmost	en-US
northey	norðey	en-US
northfield	norþfield	en-US
northgate	norþgate	en-US
northington	norþington	en-US
northland	norþland	en-US
northolt	norþolt	en-US
northridge	norþridge	en-US
northrop	norþrop	en-US
northrop's	norþrop's	en-US
northrup	norþrup	en-US
northrup's	norþrup's	en-US
northstar	norþstar	en-US
northstar's	norþstar's	en-US
northup	norþup	en-US
northvale	norþvale	en-US
northview	norþview	en-US
northward	norþward	en-US
northwardly	norþwardly	en-US
northway	norþway	en-US
northwest	norþwest	en-US
northwest's	norþwest's	en-US
northwesterly	norþwesterly	en-US
northwestern	norþwestern	en-US
northwestern's	norþwestern's	en-US
northwood	norþwood	en-US
noseworthy	noseworðy	en-US
noteworthy	noteworðy	en-US
noth	noþ	en-US
nothdurft	noþdurft	en-US
nother	noðer	en-US
nothin	noþin	en-US
nothin'	noþin'	en-US
nothing	noþing	en-US
nothing's	noþing's	en-US
nothingness	noþingness	en-US
nothings	noþings	en-US
nothnagel	noþnagel	en-US
nothstein	noþstein	en-US
notwithstanding	notwiþstanding	en-US
nth	nþ	en-US
oath	oaþ	en-US
oathout	oaþout	en-US
oaths	oaðs	en-US
odenthal	odenþal	en-US
oglethorpe	ogleþorpe	en-US
olathe	olaþe	en-US
old-growth	old-growþ	en-US
oldfather	oldfaðer	en-US
one-third	one-þird	en-US
ophthalmic	ophþalmic	en-US
ophthalmologist	ophþalmologist	en-US
ophthalmologists	ophþalmologists	en-US
ophthalmology	ophþalmology	en-US
ophthalmoscope	ophþalmoscope	en-US
opthalmologist	opþalmologist	en-US
opthalmology	opþalmology	en-US
orenthal	orenþal	en-US
ornithological	orniþological	en-US
ornithology	orniþology	en-US
orth	orþ	en-US
ortho	orþo	en-US
orthoclase	orþoclase	en-US
orthodontia	orþodontia	en-US
orthodontic	orþodontic	en-US
orthodontics	orþodontics	en-US
orthodontist	orþodontist	en-US
orthodontist's	orþodontist's	en-US
orthodontists	orþodontists	en-US
orthodox	orþodox	en-US
orthodoxy	orþodoxy	en-US
orthogonal	orþogonal	en-US
orthography	orþography	en-US
orthopedic	orþopedic	en-US
orthopedist	orþopedist	en-US
orthopedists	orþopedists	en-US
osteoarthritis	osteoarþritis	en-US
osteopathic	osteopaþic	en-US
ostrogoth	ostrogoþ	en-US
ostrogoths	ostrogoþs	en-US
otha	oða	en-US
othello	oþello	en-US
other	oðer	en-US
other's	oðer's	en-US
otherness	oðerness	en-US
others	oðers	en-US
others'	oðers'	en-US
otherwise	oðerwise	en-US
otherworldly	oðerworldly	en-US
othilia	oþilia	en-US
othman	oþman	en-US
othman's	oþman's	en-US
outgrowth	outgrowþ	en-US
overgrowth	overgrowþ	en-US
overthrew	overþrew	en-US
overthrow	overþrow	en-US
overthrowing	overþrowing	en-US
overthrown	overþrown	en-US
overthrows	overþrows	en-US
paeth	paeþ	en-US
panthea	panþea	en-US
pantheistic	panþeistic	en-US
pantheon	panþeon	en-US
panther	panþer	en-US
panther's	panþer's	en-US
panthers	panþers	en-US
panthers'	panþers'	en-US
parasympathetic	parasympaþetic	en-US
parentheses	parenþeses	en-US
parenthesis	parenþesis	en-US
parenthetical	parenþetical	en-US
parenthetically	parenþetically	en-US
parthenia	parþenia	en-US
parthenogenetic	parþenogenetic	en-US
parthenon	parþenon	en-US
parthian	parþian	en-US
path	paþ	en-US
pathak	paþak	en-US
pathan	paþan	en-US
pathans	paþans	en-US
pathe	paþe	en-US
pathet-lao	paþet-lao	en-US
pathetic	paþetic	en-US
pathetically	paþetically	en-US
pathfinder	paþfinder	en-US
pathmark	paþmark	en-US
pathmark's	paþmark's	en-US
pathogen	paþogen	en-US
pathogenic	paþogenic	en-US
pathogens	paþogens	en-US
pathological	paþological	en-US
pathologically	paþologically	en-US
pathologies	paþologies	en-US
pathologist	paþologist	en-US
pathologists	paþologists	en-US
pathology	paþology	en-US
pathos	paþos	en-US
paths	paðs	en-US
pathway	paþway	en-US
pathways	paþways	en-US
penberthy	penberþy	en-US
pentathlon	pentaþlon	en-US
penthea	penþea	en-US
pentothal	pentoþal	en-US
perth	perþ	en-US
peth	peþ	en-US
pethel	peþel	en-US
pethtel	peþtel	en-US
petrosynthese	petrosynþese	en-US
phenolphthalein	phenolphþalein	en-US
phenylthaline	phenylþaline	en-US
philantha	philanþa	en-US
philanthropic	philanþropic	en-US
philanthropies	philanþropies	en-US
philanthropist	philanþropist	en-US
philanthropists	philanþropists	en-US
philanthropy	philanþropy	en-US
photosynthesis	photosynþesis	en-US
pickworth	pickworþ	en-US
pith	piþ	en-US
pithy	piþy	en-US
plath	plaþ	en-US
plaything	playþing	en-US
playthings	playþings	en-US
plethora	pleþora	en-US
plinth	plinþ	en-US
pluth	pluþ	en-US
plymouth	plymouþ	en-US
plymouth's	plymouþ's	en-US
polyethylene	polyeþylene	en-US
polytheism	polyþeism	en-US
polytheistic	polyþeistic	en-US
polyurethane	polyureþane	en-US
porath	poraþ	en-US
port-arthur	port-arþur	en-US
porth	porþ	en-US
portsmouth	portsmouþ	en-US
postlethwait	postleþwait	en-US
poth	poþ	en-US
pothier	poþier	en-US
pothitos	poþitos	en-US
potthast	potþast	en-US
poythress	poyþress	en-US
praiseworthy	praiseworðy	en-US
prather	praðer	en-US
prithvi	priþvi	en-US
prometheus	promeþeus	en-US
promethium	promeþium	en-US
prostheses	prosþeses	en-US
prosthesis	prosþesis	en-US
prosthetic	prosþetic	en-US
prosthetics	prosþetics	en-US
prothallus	proþallus	en-US
prothero	proðero	en-US
prothorax	proþorax	en-US
prothro	proþro	en-US
psarouthakis	psarouþakis	en-US
psychopath	psychopaþ	en-US
psychopathic	psychopaþic	en-US
psychopaths	psychopaþs	en-US
psychopathy	psychopaþy	en-US
psychotherapeutic	psychoþerapeutic	en-US
psychotherapist	psychoþerapist	en-US
psychotherapists	psychoþerapists	en-US
psychotherapy	psychoþerapy	en-US
pursueth	pursueþ	en-US
puth	puþ	en-US
pythagorean	pyþagorean	en-US
pythagorus	pyþagorus	en-US
pythia	pyþia	en-US
python	pyþon	en-US
python's	pyþon's	en-US
quoth	quoþ	en-US
raether	raeðer	en-US
ragunathan	ragunaþan	en-US
raith	raiþ	en-US
raithel	raiþel	en-US
ramtha	ramþa	en-US
ramthun	ramþun	en-US
rath	raþ	en-US
rathbone	raþbone	en-US
rathbun	raþbun	en-US
rathburn	raþburn	en-US
rathburne	raþburne	en-US
rathburne's	raþburne's	en-US
rathe	raðe	en-US
rathel	raþel	en-US
rather	raðer	en-US
rather's	raðer's	en-US
rathert	raþert	en-US
rathgeber	raþgeber	en-US
rathje	raþje	en-US
rathjen	raþjen	en-US
rathke	raþke	en-US
rathman	raþman	en-US
rathmann	raþmann	en-US
rathskeller	raþskeller	en-US
rauth	rauþ	en-US
raytheon	rayþeon	en-US
raytheon's	rayþeon's	en-US
reauthorization	reauþorization	en-US
reauthorize	reauþorize	en-US
reauthorized	reauþorized	en-US
reauthorizing	reauþorizing	en-US
rebirth	rebirþ	en-US
rebirths	rebirþs	en-US
redpath	redpaþ	en-US
reichmuth	reichmuþ	en-US
reith	reiþ	en-US
reither	reiðer	en-US
retherford	reþerford	en-US
rethink	reþink	en-US
rethinking	reþinking	en-US
rethought	reþought	en-US
reuther	reuðer	en-US
rexroth	rexroþ	en-US
rhinesmith	rhinesmiþ	en-US
rhodanthe	rhodanþe	en-US
rhythm	rhyðm	en-US
rhythmic	rhyðmic	en-US
rhythmically	rhyðmically	en-US
rhythms	rhyðms	en-US
richardsonsmith	richardsonsmiþ	en-US
richenthal	richenþal	en-US
ridpath	ridpaþ	en-US
rieth	rieþ	en-US
ring-around-the-rosy	ring-around-ðe-rosy	en-US
ritthaler	ritþaler	en-US
ritzenthaler	ritzenþaler	en-US
roath	roaþ	en-US
roether	roeðer	en-US
roethler	roeþler	en-US
rosenbluth	rosenbluþ	en-US
rosenthal	rosenþal	en-US
roth	roþ	en-US
roth's	roþ's	en-US
rothacker	roþacker	en-US
rothbard	roþbard	en-US
rothbart	roþbart	en-US
rothbauer	roþbauer	en-US
rothberg	roþberg	en-US
rothchild	roþchild	en-US
rothe	roðe	en-US
rothenberg	roþenberg	en-US
rothenberger	roþenberger	en-US
rother	roþer	en-US
rothermel	roþermel	en-US
rothert	roþert	en-US
rothery	roþery	en-US
rothfuss	roþfuss	en-US
rothgeb	roþgeb	en-US
rothkopf	roþkopf	en-US
rothlisberger	roþlisberger	en-US
rothman	roþman	en-US
rothmans	roþmans	en-US
rothmans's	roþmans's	en-US
rothmeier	roþmeier	en-US
rothrock	roþrock	en-US
roths	roþs	en-US
rothschild	roþschild	en-US
rothschild's	roþschild's	en-US
rothschilds	roþschilds	en-US
rothstein	roþstein	en-US
rothwax	roþwax	en-US
rothweiler	roþweiler	en-US
rothwell	roþwell	en-US
rothwells	roþwells	en-US
routh	rouþ	en-US
routhier	rouþier	en-US
rowbotham	rowboþam	en-US
rueth	rueþ	en-US
ruether	rueþer	en-US
rujith	rujiþ	en-US
ruppenthal	ruppenþal	en-US
ruth	ruþ	en-US
ruth's	ruþ's	en-US
ruth-ann	ruþ-ann	en-US
ruth-anne	ruþ-anne	en-US
ruthann	ruþann	en-US
ruthenberg	ruþenberg	en-US
ruther	ruþer	en-US
rutherford	ruþerford	en-US
ruthie	ruþie	en-US
ruthless	ruþless	en-US
ruthlessly	ruþlessly	en-US
ruthlessness	ruþlessness	en-US
ruthven	ruþven	en-US
ryther	ryðer	en-US
sabbath	sabbaþ	en-US
sabbaths	sabbaþs	en-US
samantha	samanþa	en-US
samoth	samoþ	en-US
sather	saðer	en-US
sathre	saþre	en-US
sathyavagiswaran	saþyavagiswaran	en-US
scathing	scaðing	en-US
scherbarth	scherbarþ	en-US
schlereth	schlereþ	en-US
schneckloth	schneckloþ	en-US
schoenthal	schoenþal	en-US
schroth	schroþ	en-US
schultheis	schulðeis	en-US
schultheiss	schulþeiss	en-US
schuth	schuþ	en-US
scythe	scyþe	en-US
scythian	scyþian	en-US
seaworthy	seaworðy	en-US
seethe	seeðe	en-US
seething	seeðing	en-US
seith	seiþ	en-US
seither	seiðer	en-US
seth	seþ	en-US
seth's	seþ's	en-US
sether	seðer	en-US
sethi	seþi	en-US
sethness	seþness	en-US
sethuraman	seþuraman	en-US
seventeenth	seventeenþ	en-US
seventh	sevenþ	en-US
sevenths	sevenþs	en-US
seventieth	seventieþ	en-US
seyfarth	seyfarþ	en-US
sha'ath	sha'aþ	en-US
shaath	shaaþ	en-US
shaath's	shaaþ's	en-US
sheath	sheaþ	en-US
sheath-knife	sheaþ-knife	en-US
sheathbill	sheaþbill	en-US
sheathbills	sheaþbills	en-US
sheathe	sheaðe	en-US
sheathed	sheaðed	en-US
sheathing	sheaðing	en-US
sheth	sheþ	en-US
shibboleth	shibboleþ	en-US
shuttlesworth	shuttlesworþ	en-US
shuttleworth	shuttleworþ	en-US
siegenthaler	siegenþaler	en-US
silverthorn	silverþorn	en-US
silverthorne	silverþorne	en-US
sineath	sineaþ	en-US
sithe	siðe	en-US
sixteenth	sixteenþ	en-US
sixteenths	sixteenþs	en-US
sixth	sixþ	en-US
sixths	sixþs	en-US
sixtieth	sixtieþ	en-US
skipwith	skipwiþ	en-US
skipworth	skipworþ	en-US
slather	slaðer	en-US
slathered	slaðered	en-US
slathering	slaðering	en-US
slathers	slaðers	en-US
sleeth	sleeþ	en-US
sleuth	sleuþ	en-US
sleuthing	sleuþing	en-US
sleuths	sleuþs	en-US
slither	sliðer	en-US
slithering	sliðering	en-US
sloth	sloþ	en-US
slothower	sloþower	en-US
smather	smaðer	en-US
smathers	smaðers	en-US
smethers	smeðers	en-US
smethurst	smeþurst	en-US
smith	smiþ	en-US
smith's	smiþ's	en-US
smithburg	smiþburg	en-US
smithee	smiþee	en-US
smither	smiðer	en-US
smithereen	smiðereen	en-US
smithereens	smiðereens	en-US
smitherman	smiðerman	en-US
smithers	smiðers	en-US
smithey	smiþey	en-US
smithfield	smiþfield	en-US
smithhart	smiþhart	en-US
smithkline	smiþkline	en-US
smithkline's	smiþkline's	en-US
smiths	smiþs	en-US
smithson	smiþson	en-US
smithson's	smiþson's	en-US
smithsonian	smiþsonian	en-US
smithsonian's	smiþsonian's	en-US
smithtown	smiþtown	en-US
smithwick	smiþwick	en-US
smooth	smooð	en-US
smooth-shaven	smooþ-shaven	en-US
smoothed	smooðed	en-US
smoothen	smooðen	en-US
smoothens	smooðens	en-US
smoother	smooðer	en-US
smoothest	smooðest	en-US
smoothing	smooðing	en-US
smoothly	smooðly	en-US
smoothness	smooðness	en-US
smooths	smooðs	en-US
smother	smoðer	en-US
smothered	smoðered	en-US
smothering	smoðering	en-US
smotherman	smoðerman	en-US
smothermon	smoþermon	en-US
smothers	smoðers	en-US
smyth	smyþ	en-US
smythe	smyðe	en-US
sneath	sneaþ	en-US
snethen	sneþen	en-US
sociopath	sociopaþ	en-US
sociopaths	sociopaðs	en-US
somethin'	someþin'	en-US
something	someþing	en-US
something's	someþing's	en-US
somethings	someþings	en-US
sondgeroth	sondgeroþ	en-US
soothe	sooðe	en-US
soothed	sooðed	en-US
soothes	sooðes	en-US
soothing	sooðing	en-US
soothingly	sooðingly	en-US
soothsayer	sooþsayer	en-US
soothsayers	sooþsayers	en-US
sotheby	soþeby	en-US
sotheby's	soþeby's	en-US
south	souþ	en-US
south's	souþ's	en-US
southall	souþall	en-US
southam	souþam	en-US
southampton	souþampton	en-US
southard	souþard	en-US
southbound	souþbound	en-US
southdown	souþdown	en-US
southdown's	souþdown's	en-US
southeast	souþeast	en-US
southeast's	souþeast's	en-US
southeastern	souþeastern	en-US
southeastern's	souþeastern's	en-US
souther	souðer	en-US
southerland	souðerland	en-US
southerly	souðerly	en-US
southern	souðern	en-US
southern's	souðern's	en-US
southerner	souðerner	en-US
southerners	souðerners	en-US
southernmost	souðernmost	en-US
southernnet	souðernnet	en-US
southernnet's	souðernnet's	en-US
southers	souðers	en-US
southfield	souþfield	en-US
southgate	souþgate	en-US
southin	souþin	en-US
southland	souþland	en-US
southland's	souþland's	en-US
southlife	souþlife	en-US
southmark	souþmark	en-US
southmark's	souþmark's	en-US
southold	souþold	en-US
southport	souþport	en-US
souths	souþs	en-US
southside	souþside	en-US
southstate	souþstate	en-US
southwall	souþwall	en-US
southward	souþward	en-US
southway	souþway	en-US
southwell	souþwell	en-US
southwest	souþwest	en-US
southwest's	souþwest's	en-US
southwestern	souþwestern	en-US
southwick	souþwick	en-US
southwood	souþwood	en-US
southworth	souþworþ	en-US
spaeth	spaeþ	en-US
spath	spaþ	en-US
specthrie	specþrie	en-US
spendthrift	spendþrift	en-US
speth	speþ	en-US
spethmann	speþmann	en-US
spieth	spieþ	en-US
stallsmith	stallsmiþ	en-US
stallworth	stallworþ	en-US
stanforth	stanforþ	en-US
starkweather	starkweaðer	en-US
state-of-the-art	state-of-ðe-art	en-US
statham	staþam	en-US
stathis	staþis	en-US
stathopoulos	staþopoulos	en-US
stealth	stealþ	en-US
stealthier	stealþier	en-US
stealthies	stealþies	en-US
stealthiest	stealþiest	en-US
stealthy	stealþy	en-US
stenseth	stenseþ	en-US
stepfather	stepfaðer	en-US
stepmother	stepmoðer	en-US
stethem	steþem	en-US
stethoscope	steþoscope	en-US
stethoscopes	steþoscopes	en-US
stichnoth	stichnoþ	en-US
stikeleather	stikeleaðer	en-US
stith	stiþ	en-US
strathman	straþman	en-US
strength	strengþ	en-US
strengthen	strengþen	en-US
strengthened	strengþened	en-US
strengthening	strengþening	en-US
strengthens	strengþens	en-US
strengths	strengþs	en-US
strother	stroðer	en-US
strothers	stroðers	en-US
strothman	stroþman	en-US
strouth	strouþ	en-US
struthers	struðers	en-US
stutheit	stuþeit	en-US
suddarth	suddarþ	en-US
suddath	suddaþ	en-US
sudderth	sudderþ	en-US
suddeth	suddeþ	en-US
suddreth	suddreþ	en-US
sudduth	sudduþ	en-US
sunbath	sunbaþ	en-US
sunbathe	sunbaðe	en-US
sunbathing	sunbaðing	en-US
suthard	suþard	en-US
suther	suðer	en-US
sutherland	suðerland	en-US
sutherland's	suðerland's	en-US
sutherlin	suþerlin	en-US
suthers	suðers	en-US
swaminathan	swaminaþan	en-US
swarthmore	swarþmore	en-US
swarthout	swarþout	en-US
swarthy	swarðy	en-US
swath	swaþ	en-US
swathe	swaðe	en-US
swathed	swaðed	en-US
sympathetic	sympaþetic	en-US
sympathetically	sympaþetically	en-US
sympathies	sympaþies	en-US
sympathize	sympaþize	en-US
sympathized	sympaþized	en-US
sympathizer	sympaþizer	en-US
sympathizers	sympaþizers	en-US
sympathizes	sympaþizes	en-US
sympathizing	sympaþizing	en-US
sympathy	sympaþy	en-US
syntheses	synþeses	en-US
synthesis	synþesis	en-US
synthesize	synþesize	en-US
synthesized	synþesized	en-US
synthesizer	synþesizer	en-US
synthesizers	synþesizers	en-US
synthesizing	synþesizing	en-US
synthetic	synþetic	en-US
synthetically	synþetically	en-US
synthetics	synþetics	en-US
tabitha	tabiþa	en-US
tablecloth	tablecloþ	en-US
tablecloths	tablecloþs	en-US
taketh	takeþ	en-US
talitha	taliða	en-US
tatham	taþam	en-US
tebuthiuron	tebuþiuron	en-US
teeth	teeþ	en-US
teethe	teeðe	en-US
teething	teeðing	en-US
telepath	telepaþ	en-US
telepathic	telepaþic	en-US
telepathy	telepaþy	en-US
telethon	teleþon	en-US
tenth	tenþ	en-US
tenths	tenþs	en-US
tether	teðer	en-US
tethered	teðered	en-US
tethers	teðers	en-US
thabo	þabo	en-US
thach	þach	en-US
thacher	þacher	en-US
thacker	þacker	en-US
thackeray	þackeray	en-US
thackery's	þackery's	en-US
thackston	þackston	en-US
thad	þad	en-US
thada	þada	en-US
thadda	þadda	en-US
thaddea	þaddea	en-US
thaddeus	þaddeus	en-US
thaden	þaden	en-US
thagard	þagard	en-US
thaggard	þaggard	en-US
thain	þain	en-US
thaine	þaine	en-US
thakkar	þakkar	en-US
thal	þal	en-US
thalacker	þalacker	en-US
thalamus	þalamus	en-US
thalassa	þalassa	en-US
thaler	þaler	en-US
thalheimer	þalheimer	en-US
thalia	þalia	en-US
thalia's	þalia's	en-US
thalidomide	þalidomide	en-US
thalidomide's	þalidomide's	en-US
thall	þall	en-US
thallium	þallium	en-US
thalman	þalman	en-US
thalmann	þalmann	en-US
tham	þam	en-US
than	ðan	en-US
thanatology	þanatology	en-US
thane	þane	en-US
thang	þang	en-US
thanh	þanh	en-US
thank	þank	en-US
thank's	þank's	en-US
thanked	þanked	en-US
thankful	þankful	en-US
thankfully	þankfully	en-US
thanking	þanking	en-US
thankless	þankless	en-US
thanks	þanks	en-US
thanksgiving	þanksgiving	en-US
thankyou	þankyou	en-US
thano	þano	en-US
thanos	þanos	en-US
thao	ðao	en-US
thar	þar	en-US
tharp	þarp	en-US
tharpe	þarpe	en-US
tharpe's	þarpe's	en-US
tharrington	þarrington	en-US
thaser	þaser	en-US
thassos	þassos	en-US
that	ðat	en-US
that'd	ðat'd	en-US
that'll	ðat'll	en-US
that's	ðat's	en-US
that've	ðat've	en-US
thatch	þatch	en-US
thatched	þatched	en-US
thatcher	þatcher	en-US
thatcher's	þatcher's	en-US
thatcherism	þatcherism	en-US
thatcherite	þatcherite	en-US
thatchers	þatchers	en-US
thatches	þatches	en-US
thau	ðau	en-US
thaw	þaw	en-US
thawed	þawed	en-US
thawing	þawing	en-US
thaws	þaws	en-US
thaxter	þaxter	en-US
thaxter's	þaxter's	en-US
thaxton	þaxton	en-US
thaxton's	þaxton's	en-US
thayer	þayer	en-US
thayer's	þayer's	en-US
thayers	þayers	en-US
thayne	þayne	en-US
the	ðe	en-US
thea	þea	en-US
theall	þeall	en-US
theano	þeano	en-US
theater	þeater	en-US
theater's	þeater's	en-US
theatergoer	þeatergoer	en-US
theatergoers	þeatergoers	en-US
theaters	þeaters	en-US
theatre	þeatre	en-US
theatre's	þeatre's	en-US
theatres	þeatres	en-US
theatric	þeatric	en-US
theatrical	þeatrical	en-US
theatricality	þeatricality	en-US
theatrically	þeatrically	en-US
theatrics	þeatrics	en-US
thebeau	þebeau	en-US
theberge	þeberge	en-US
thebes	þebes	en-US
thecla	þecla	en-US
theda	þeda	en-US
theda's	þeda's	en-US
thede	þede	en-US
thedford	þedford	en-US
thee	ðee	en-US
thee's	ðee's	en-US
theel	þeel	en-US
theft	þeft	en-US
thefts	þefts	en-US
theil	þeil	en-US
theile	þeile	en-US
theilen	þeilen	en-US
theiler	þeiler	en-US
thein	þein	en-US
their	ðeir	en-US
theirs	ðeirs	en-US
theirself	ðeirself	en-US
theirselves	ðeirselves	en-US
theis	ðeis	en-US
theisen	þeisen	en-US
theism	þeism	en-US
theiss	þeiss	en-US
theissen	þeissen	en-US
thekla	þekla	en-US
thelander	þelander	en-US
thelen	þelen	en-US
thelin	þelin	en-US
thelma	þelma	en-US
thelma's	þelma's	en-US
thelonius	þelonius	en-US
them	ðem	en-US
thematic	þematic	en-US
thematically	þematically	en-US
theme	þeme	en-US
themed	þemed	en-US
themes	þemes	en-US
theming	þeming	en-US
themself	ðemself	en-US
themselves	ðemselves	en-US
then	ðen	en-US
thence	ðence	en-US
thenceforth	ðenceforþ	en-US
theo	þeo	en-US
theo's	þeo's	en-US
theobald	þeobald	en-US
theocracy	þeocracy	en-US
theocratic	þeocratic	en-US
theodor	þeodor	en-US
theodora	þeodora	en-US
theodore	þeodore	en-US
theodorou	þeodorou	en-US
theodric	þeodric	en-US
theola	þeola	en-US
theologian	þeologian	en-US
theologians	þeologians	en-US
theological	þeological	en-US
theologically	þeologically	en-US
theology	þeology	en-US
theon	þeon	en-US
theone	þeone	en-US
theophania	þeophania	en-US
theophila	þeophila	en-US
theora	þeora	en-US
theorem	þeorem	en-US
theoretical	þeoretical	en-US
theoretically	þeoretically	en-US
theoretician	þeoretician	en-US
theoreticians	þeoreticians	en-US
theories	þeories	en-US
theorist	þeorist	en-US
theorists	þeorists	en-US
theorize	þeorize	en-US
theorized	þeorized	en-US
theorizes	þeorizes	en-US
theorizing	þeorizing	en-US
theory	þeory	en-US
theory's	þeory's	en-US
thera	þera	en-US
therafectin	þerafectin	en-US
therapeutic	þerapeutic	en-US
therapeutically	þerapeutically	en-US
therapeutics	þerapeutics	en-US
therapies	þerapies	en-US
therapist	þerapist	en-US
therapist's	þerapist's	en-US
therapists	þerapists	en-US
therapists'	þerapists'	en-US
therapists's	þerapists's	en-US
therapy	þerapy	en-US
therat	ðerat	en-US
there	ðere	en-US
there'd	ðere'd	en-US
there'll	ðere'll	en-US
there're	ðere're	en-US
there's	ðere's	en-US
there've	ðere've	en-US
thereabouts	ðereabouts	en-US
thereafter	ðereafter	en-US
thereby	ðereby	en-US
therefore	ðerefore	en-US
therein	ðerein	en-US
thereof	ðereof	en-US
thereon	ðereon	en-US
therese	þerese	en-US
thereupon	ðereupon	en-US
theriault	þeriault	en-US
therien	þerien	en-US
theriot	þeriot	en-US
therm	þerm	en-US
thermae	þermae	en-US
thermal	þermal	en-US
thermco	þermco	en-US
thermedics	þermedics	en-US
thermits	þermits	en-US
thermo	þermo	en-US
thermometer	þermometer	en-US
thermometers	þermometers	en-US
thermonuclear	þermonuclear	en-US
thermopatch	þermopatch	en-US
thermoplastic	þermoplastic	en-US
thermoplastics	þermoplastics	en-US
thermos	þermos	en-US
thermosetting	þermosetting	en-US
thermostat	þermostat	en-US
thermostats	þermostats	en-US
theron	þeron	en-US
theroux	þeroux	en-US
therrell	þerrell	en-US
therriault	þerriault	en-US
therrien	þerrien	en-US
thesaurus	þesaurus	en-US
these	ðese	en-US
theses	þeses	en-US
theseus	þeseus	en-US
thesing	ðesing	en-US
thesis	þesis	en-US
thespian	þespian	en-US
theta	þeta	en-US
thetford	þetford	en-US
thetis	þetis	en-US
theurer	þeurer	en-US
theus	ðeus	en-US
thew	þew	en-US
thewlis	þewlis	en-US
they	ðey	en-US
they'd	ðey'd	en-US
they'll	ðey'll	en-US
they're	ðey're	en-US
they've	ðey've	en-US
thi	þi	en-US
thiamin	þiamin	en-US
thibault	þibault	en-US
thibeau	þibeau	en-US
thibeaux	þibeaux	en-US
thibedeau	þibedeau	en-US
thibert	þibert	en-US
thibodeau	þibodeau	en-US
thibodeaux	þibodeaux	en-US
thick	þick	en-US
thicken	þicken	en-US
thickened	þickened	en-US
thickener	þickener	en-US
thickening	þickening	en-US
thickens	þickens	en-US
thicker	þicker	en-US
thickest	þickest	en-US
thicket	þicket	en-US
thickets	þickets	en-US
thickhead	þickhead	en-US
thickly	þickly	en-US
thickness	þickness	en-US
thiebaud	þiebaud	en-US
thiede	þiede	en-US
thief	þief	en-US
thief's	þief's	en-US
thiel	þiel	en-US
thiele	þiele	en-US
thielemann	þielemann	en-US
thielen	þielen	en-US
thielke	þielke	en-US
thielman	þielman	en-US
thielsch	þielsch	en-US
thiem	þiem	en-US
thieman	þieman	en-US
thiemann	þiemann	en-US
thieme	þieme	en-US
thien	þien	en-US
thier	þier	en-US
thierry	þierry	en-US
thiery	þiery	en-US
thies	þies	en-US
thiesen	þiesen	en-US
thiessen	þiessen	en-US
thievery	þievery	en-US
thieves	þieves	en-US
thieves'	þieves'	en-US
thieving	þieving	en-US
thigh	þigh	en-US
thighs	þighs	en-US
thigpen	þigpen	en-US
thill	þill	en-US
thima	þima	en-US
thimble	þimble	en-US
thin	þin	en-US
thine	ðine	en-US
thing	þing	en-US
thing's	þing's	en-US
thingamabob	þingamabob	en-US
things	þings	en-US
things'	þings'	en-US
thingy	þingy	en-US
think	þink	en-US
think's	þink's	en-US
thinker	þinker	en-US
thinkers	þinkers	en-US
thinkin	þinkin	en-US
thinkin'	þinkin'	en-US
thinking	þinking	en-US
thinkpad	þinkpad	en-US
thinks	þinks	en-US
thinly	þinly	en-US
thinned	þinned	en-US
thinner	þinner	en-US
thinnes	þinnes	en-US
thinness	þinness	en-US
thinnest	þinnest	en-US
thinning	þinning	en-US
thins	þins	en-US
thiodiglycol	þiodiglycol	en-US
thiokol	þiokol	en-US
thiokol's	þiokol's	en-US
third	þird	en-US
third's	þird's	en-US
thirdly	þirdly	en-US
thirdquarter	þirdquarter	en-US
thirds	þirds	en-US
thirst	þirst	en-US
thirsting	þirsting	en-US
thirsts	þirsts	en-US
thirsty	þirsty	en-US
thirteen	þirteen	en-US
thirteen's	þirteen's	en-US
thirteenth	þirteenþ	en-US
thirteenths	þirteenþs	en-US
thirties	þirties	en-US
thirtieth	þirtieþ	en-US
thirty	þirty	en-US
thirty's	þirty's	en-US
thirty-five	þirty-five	en-US
thirtysomething	þirtysomeþing	en-US
thiry	þiry	en-US
thirza	þirza	en-US
this	ðis	en-US
this'	ðis'	en-US
this'll	ðis'll	en-US
thissen	þissen	en-US
thistle	þistle	en-US
thistles	þistles	en-US
thivierge	þivierge	en-US
tho	ðo	en-US
thobe	þobe	en-US
thode	þode	en-US
thoele	þoele	en-US
thoen	þoen	en-US
thoene	þoene	en-US
thoennes	þoennes	en-US
thole	þole	en-US
tholen	þolen	en-US
tholl	þoll	en-US
thoma	þoma	en-US
thoman	þoman	en-US
thomann	ðomann	en-US
thomasina	þomasina	en-US
thomasine	þomasine	en-US
thomason	þomason	en-US
thomassen	þomassen	en-US
thomasson	þomasson	en-US
thome	þome	en-US
thomes	þomes	en-US
thometz	þometz	en-US
thomison	þomison	en-US
thomley	þomley	en-US
thommen	þommen	en-US
thomp	þomp	en-US
thoms	þoms	en-US
thomsen	þomsen	en-US
thomspon	þomspon	en-US
thomure	þomure	en-US
thon	þon	en-US
thone	þone	en-US
thong	þong	en-US
thor	þor	en-US
thora	þora	en-US
thoracic	þoracic	en-US
thorald	þorald	en-US
thorax	þorax	en-US
thorbert	þorbert	en-US
thorberta	þorberta	en-US
thorburn	þorburn	en-US
thordia	þordia	en-US
thordis	þordis	en-US
thoreau	þoreau	en-US
thorell	þorell	en-US
thoren	þoren	en-US
thoresen	þoresen	en-US
thoreson	þoreson	en-US
thorington	þorington	en-US
thorium	þorium	en-US
thorley	þorley	en-US
thorman	þorman	en-US
thormond	þormond	en-US
thormund	þormund	en-US
thorn	þorn	en-US
thorn's	þorn's	en-US
thornberg	þornberg	en-US
thornberry	þornberry	en-US
thornberry's	þornberry's	en-US
thornberrys	þornberrys	en-US
thornburg	þornburg	en-US
thornburg's	þornburg's	en-US
thornburgh	þornburgh	en-US
thornburgh's	þornburgh's	en-US
thornburghs	þornburghs	en-US
thornburgs	þornburgs	en-US
thornbury	þornbury	en-US
thornbury's	þornbury's	en-US
thornburys	þornburys	en-US
thorndike	þorndike	en-US
thorndike's	þorndike's	en-US
thorndikes	þorndikes	en-US
thorndyke	þorndyke	en-US
thorne	þorne	en-US
thornell	þornell	en-US
thorner	þorner	en-US
thornhill	þornhill	en-US
thorniest	þorniest	en-US
thornley	þornley	en-US
thornock	þornock	en-US
thorns	þorns	en-US
thornsberry	þornsberry	en-US
thornsbury	þornsbury	en-US
thornton	þornton	en-US
thorny	þorny	en-US
thoro	þoro	en-US
thorough	þorough	en-US
thoroughbred	þoroughbred	en-US
thoroughbreds	þoroughbreds	en-US
thoroughfare	þoroughfare	en-US
thoroughfares	þoroughfares	en-US
thoroughly	þoroughly	en-US
thoroughness	þoroughness	en-US
thorp	þorp	en-US
thorpe	þorpe	en-US
thorsell	þorsell	en-US
thorsen	þorsen	en-US
thorson	þorson	en-US
thorstad	þorstad	en-US
thorstenson	þorstenson	en-US
thortec	þortec	en-US
thorton	þorton	en-US
thorton's	þorton's	en-US
thorup	þorup	en-US
thorvald	þorvald	en-US
those	ðose	en-US
thou	ðou	en-US
though	ðough	en-US
thought	þought	en-US
thoughtful	þoughtful	en-US
thoughtfully	þoughtfully	en-US
thoughtfulness	þoughtfulness	en-US
thoughtless	þoughtless	en-US
thoughts	þoughts	en-US
thous	ðous	en-US
thousand	þousand	en-US
thousand-years-long	þousand-years-long	en-US
thousands	þousands	en-US
thousandth	þousandþ	en-US
thousandths	þousandþs	en-US
thraco-illyrian	þraco-illyrian	en-US
thrailkill	þrailkill	en-US
thrall	þrall	en-US
thrash	þrash	en-US
thrashed	þrashed	en-US
thrasher	þrasher	en-US
thrashes	þrashes	en-US
thrashing	þrashing	en-US
thread	þread	en-US
threadbare	þreadbare	en-US
threaded	þreaded	en-US
threadfin	þreadfin	en-US
threadgill	þreadgill	en-US
threading	þreading	en-US
threads	þreads	en-US
threat	þreat	en-US
threaten	þreaten	en-US
threatened	þreatened	en-US
threatening	þreatening	en-US
threateningly	þreateningly	en-US
threatens	þreatens	en-US
threats	þreats	en-US
threatt	þreatt	en-US
three	þree	en-US
three's	þree's	en-US
three-dimensional	þree-dimensional	en-US
three-hour	þree-hour	en-US
three-quarters	þree-quarters	en-US
three-way	þree-way	en-US
three-year	þree-year	en-US
threefold	þreefold	en-US
threemonth	þreemonþ	en-US
threes	þrees	en-US
threesome	þreesome	en-US
threet	þreet	en-US
threlkeld	þrelkeld	en-US
thresh	þresh	en-US
thresher	þresher	en-US
threshold	þreshold	en-US
thresholds	þresholds	en-US
threw	þrew	en-US
thrice	þrice	en-US
thrift	þrift	en-US
thrift's	þrift's	en-US
thriftier	þriftier	en-US
thrifts	þrifts	en-US
thrifts'	þrifts'	en-US
thrifty	þrifty	en-US
thrill	þrill	en-US
thrilled	þrilled	en-US
thriller	þriller	en-US
thrillers	þrillers	en-US
thrilling	þrilling	en-US
thrills	þrills	en-US
thrips	þrips	en-US
thristing	þristing	en-US
thrive	þrive	en-US
thrived	þrived	en-US
thrives	þrives	en-US
thriving	þriving	en-US
throat	þroat	en-US
throated	þroated	en-US
throats	þroats	en-US
throaty	þroaty	en-US
throb	þrob	en-US
throbbing	þrobbing	en-US
throes	þroes	en-US
throgmorton	þrogmorton	en-US
throm	þrom	en-US
thrombolysis	þrombolysis	en-US
thrombolytic	þrombolytic	en-US
thrombosis	þrombosis	en-US
throne	þrone	en-US
throneberry	þroneberry	en-US
throng	þrong	en-US
thronged	þronged	en-US
throngs	þrongs	en-US
thronson	þronson	en-US
throop	þroop	en-US
throttle	þrottle	en-US
throttled	þrottled	en-US
throttles	þrottles	en-US
throttling	þrottling	en-US
through	þrough	en-US
throughout	þroughout	en-US
throughput	þroughput	en-US
throughs	þroughs	en-US
throughway	þroughway	en-US
throve	þrove	en-US
throw	þrow	en-US
throwaway	þrowaway	en-US
throwback	þrowback	en-US
thrower	þrower	en-US
throwers	þrowers	en-US
throwing	þrowing	en-US
thrown	þrown	en-US
throws	þrows	en-US
thru	þru	en-US
thrun	þrun	en-US
thrush	þrush	en-US
thrushes	þrushes	en-US
thrust	þrust	en-US
thruster	þruster	en-US
thrusters	þrusters	en-US
thrusting	þrusting	en-US
thrusts	þrusts	en-US
thruway	þruway	en-US
thud	þud	en-US
thug	þug	en-US
thuggery	þuggery	en-US
thugs	þugs	en-US
thul	þul	en-US
thulin	þulin	en-US
thull	þull	en-US
thum	þum	en-US
thuma	þuma	en-US
thuman	þuman	en-US
thumann	þumann	en-US
thumb	þumb	en-US
thumbed	þumbed	en-US
thumbing	þumbing	en-US
thumbnail	þumbnail	en-US
thumbs	þumbs	en-US
thumm	þumm	en-US
thumma	þumma	en-US
thump	þump	en-US
thumped	þumped	en-US
thumper	þumper	en-US
thumping	þumping	en-US
thumps	þumps	en-US
thun	þun	en-US
thunberg	þunberg	en-US
thunder	þunder	en-US
thunderbird	þunderbird	en-US
thunderbirds	þunderbirds	en-US
thunderbolt	þunderbolt	en-US
thundercat	þundercat	en-US
thundercats	þundercats	en-US
thundered	þundered	en-US
thundering	þundering	en-US
thunderous	þunderous	en-US
thunders	þunders	en-US
thundershower	þundershower	en-US
thundershowers	þundershowers	en-US
thunderstorm	þunderstorm	en-US
thunderstorms	þunderstorms	en-US
thunderstruck	þunderstruck	en-US
thune	þune	en-US
thunk	þunk	en-US
thuot	þuot	en-US
thur	ður	en-US
thurber	þurber	en-US
thurgood	þurgood	en-US
thurlow	þurlow	en-US
thurm	þurm	en-US
thurman	þurman	en-US
thurmon	þurmon	en-US
thurmond	þurmond	en-US
thurmond's	þurmond's	en-US
thurn	þurn	en-US
thurnau	þurnau	en-US
thurner	þurner	en-US
thurnher	þurnher	en-US
thurow	þurow	en-US
thursby	þursby	en-US
thursday	þursday	en-US
thursday's	þursday's	en-US
thursdays	þursdays	en-US
thurstan	þurstan	en-US
thurston	þurston	en-US
thus	ðus	en-US
thusfar	ðusfar	en-US
thusly	ðusly	en-US
thwart	þwart	en-US
thwarted	þwarted	en-US
thwarting	þwarting	en-US
thwarts	þwarts	en-US
thweatt	þweatt	en-US
thwing	þwing	en-US
thy	ðy	en-US
thygerson	þygerson	en-US
thyme	þyme	en-US
thymidine	þymidine	en-US
thyra	þyra	en-US
thyroid	þyroid	en-US
thyself	ðyself	en-US
tilth	tilþ	en-US
timothea	timoðea	en-US
timothy	timoþy	en-US
tithe	tiðe	en-US
tithing	tiðing	en-US
titsworth	titsworþ	en-US
tittsworth	tittsworþ	en-US
together	togeðer	en-US
togetherness	togeðerness	en-US
togethers	togeðers	en-US
tolanthe	tolanðe	en-US
tollbooth	tollbooþ	en-US
tooth	tooþ	en-US
toothaker	tooþaker	en-US
toothbrush	tooþbrush	en-US
toothbrushes	tooþbrushes	en-US
toothed	tooþed	en-US
toothless	tooþless	en-US
toothlike	tooþlike	en-US
toothman	tooþman	en-US
toothpaste	tooþpaste	en-US
toothpastes	tooþpastes	en-US
toothpick	tooþpick	en-US
toothpicks	tooþpicks	en-US
toothy	tooþy	en-US
toth	toþ	en-US
totherow	toðerow	en-US
trantham	tranþam	en-US
trauth	trauþ	en-US
trefethen	trefeþen	en-US
tregurtha	tregurþa	en-US
trembath	trembaþ	en-US
trentham	trenþam	en-US
trethewey	treþewey	en-US
trevathan	trevaþan	en-US
triathlon	triaþlon	en-US
troth	troþ	en-US
trustworthiness	trustworðiness	en-US
trustworthy	trustworðy	en-US
truth	truþ	en-US
truthful	truþful	en-US
truthfully	truþfully	en-US
truthfulness	truþfulness	en-US
truthiness	truþiness	en-US
truths	truþs	en-US
twelfth	twelfþ	en-US
twelvth	twelvþ	en-US
twentieth	twentieþ	en-US
twenty-three	twenty-þree	en-US
twentysomething	twentysomeþing	en-US
twentysomethings	twentysomeþings	en-US
two-thirds	two-þirds	en-US
twothirds	twoþirds	en-US
ueberroth	ueberroþ	en-US
umpteenth	umpteenþ	en-US
unauthentic	unauþentic	en-US
unauthorized	unauþorized	en-US
uncouth	uncouþ	en-US
undergrowth	undergrowþ	en-US
underneath	underneaþ	en-US
underwithheld	underwiþheld	en-US
underwithhold	underwiþhold	en-US
underwithholding	underwiþholding	en-US
unearth	unearþ	en-US
unearthed	unearþed	en-US
unearthing	unearþing	en-US
unearthly	unearþly	en-US
unenthusiastic	unenþusiastic	en-US
unethical	uneþical	en-US
unethically	uneþically	en-US
unfaithful	unfaiþful	en-US
unfathomable	unfaðomable	en-US
unhealthful	unhealþful	en-US
unhealthy	unhealþy	en-US
unorthodox	unorþodox	en-US
unrath	unraþ	en-US
unscathed	unscaðed	en-US
unsworth	unsworþ	en-US
unsympathetic	unsympaþetic	en-US
unthinkable	unþinkable	en-US
unthinking	unþinking	en-US
unthinkingly	unþinkingly	en-US
untrustworthy	untrustworðy	en-US
untruth	untruþ	en-US
untruthful	untruþful	en-US
untruths	untruþs	en-US
unworthy	unworðy	en-US
urethane	ureþane	en-US
urethra	ureþra	en-US
uthe	uðe	en-US
uther	uþer	en-US
vaeth	vaeþ	en-US
vath	vaþ	en-US
veith	veiþ	en-US
vermouth	vermouþ	en-US
vieth	vieþ	en-US
visigoth	visigoþ	en-US
visigoths	visigoþs	en-US
vollrath	vollraþ	en-US
voth	voþ	en-US
wachsmuth	wachsmuþ	en-US
wadsworth	wadsworþ	en-US
wadsworth's	wadsworþ's	en-US
walrath	walraþ	en-US
walsworth	walsworþ	en-US
walth	walþ	en-US
walthall	walþall	en-US
waltham	walþam	en-US
walther	walþer	en-US
walthers	walþers	en-US
walworth	walworþ	en-US
warmoth	warmoþ	en-US
warmth	warmþ	en-US
warmuth	warmuþ	en-US
warpath	warpaþ	en-US
warth	warþ	en-US
warthen	warþen	en-US
washcloth	washcloþ	en-US
wasmuth	wasmuþ	en-US
waterworth	waterworþ	en-US
wathen	waþen	en-US
wavelength	wavelengþ	en-US
wavelengths	wavelengþs	en-US
wealth	wealþ	en-US
wealthier	wealþier	en-US
wealthiest	wealþiest	en-US
wealths	wealþs	en-US
wealthy	wealþy	en-US
weather	weaðer	en-US
weather's	weaðer's	en-US
weatherall	weaðerall	en-US
weatherbee	weaðerbee	en-US
weatherby	weaðerby	en-US
weathered	weaðered	en-US
weatherford	weaðerford	en-US
weatherhead	weaðerhead	en-US
weatherholt	weaðerholt	en-US
weatherholtz	weaðerholtz	en-US
weathering	weaðering	en-US
weatherington	weaðerington	en-US
weatherly	weaðerly	en-US
weatherman	weaðerman	en-US
weathermen	weaðermen	en-US
weatherperson	weaþerperson	en-US
weatherproof	weaðerproof	en-US
weathers	weaðers	en-US
weathersbee	weaðersbee	en-US
weathersby	weaðersby	en-US
weatherspoon	weaðerspoon	en-US
weatherstone	weaðerstone	en-US
weatherwax	weaðerwax	en-US
weathington	weaþington	en-US
weckwerth	weckwerþ	en-US
wedgeworth	wedgeworþ	en-US
weinroth	weinroþ	en-US
weisenthal	weisenþal	en-US
weith	weiþ	en-US
wentworth	wentworþ	en-US
wermuth	wermuþ	en-US
werth	werþ	en-US
werther	werðer	en-US
wetherbee	weðerbee	en-US
wetherby	weþerby	en-US
wetherell	weþerell	en-US
wetherill	weþerill	en-US
wetherington	weðerington	en-US
wetherly	weðerly	en-US
wethington	weþington	en-US
weyforth	weyforþ	en-US
weymouth	weymouþ	en-US
wherewithal	wherewiðal	en-US
whether	wheðer	en-US
whitham	whiþam	en-US
whither	whiðer	en-US
whitworth	whitworþ	en-US
width	widþ	en-US
widths	widþs	en-US
wiesenthal	wiesenþal	en-US
wigglesworth	wigglesworþ	en-US
wildermuth	wildermuþ	en-US
willwerth	willwerþ	en-US
wilmarth	wilmarþ	en-US
wilmeth	wilmeþ	en-US
wilmoth	wilmoþ	en-US
wilmouth	wilmouþ	en-US
wilthew	wilþew	en-US
winterthur	winterþur	en-US
winther	winþer	en-US
winthrop	winþrop	en-US
winthrop's	winþrop's	en-US
wipperfurth	wipperfurþ	en-US
wirth	wirþ	en-US
wirthlin	wirþlin	en-US
with	wið	en-US
witham	wiþam	en-US
withdraw	wiðdraw	en-US
withdrawal	wiðdrawal	en-US
withdrawals	wiþdrawals	en-US
withdrawing	wiþdrawing	en-US
withdrawn	wiþdrawn	en-US
withdraws	wiðdraws	en-US
withdrew	wiþdrew	en-US
withe	wiþe	en-US
withee	wiþee	en-US
withem	wiþem	en-US
wither	wiðer	en-US
withered	wiðered	en-US
witherell	wiþerell	en-US
withering	wiðering	en-US
witherington	wiþerington	en-US
witherow	wiþerow	en-US
withers	wiðers	en-US
witherspoon	wiðerspoon	en-US
withey	wiþey	en-US
withheld	wiþheld	en-US
withhold	wiþhold	en-US
withholding	wiþholding	en-US
withholds	wiþholds	en-US
within	wiðin	en-US
withington	wiþington	en-US
withnail	wiþnail	en-US
without	wiþout	en-US
withrow	wiþrow	en-US
withstand	wiþstand	en-US
withstanding	wiþstanding	en-US
withstands	wiþstands	en-US
withstood	wiþstood	en-US
witthuhn	witþuhn	en-US
wohlfarth	wohlfarþ	en-US
wohlgemuth	wohlgemuþ	en-US
wolfarth	wolfarþ	en-US
wolgemuth	wolgemuþ	en-US
wolrath	wolraþ	en-US
woodworth	woodworþ	en-US
woolworth	woolworþ	en-US
woolworth's	woolworþ's	en-US
wordsmith	wordsmiþ	en-US
wordsworth	wordsworþ	en-US
wormuth	wormuþ	en-US
worth	worþ	en-US
worth's	worþ's	en-US
wortham	worþam	en-US
worthen	worþen	en-US
worthen's	worþen's	en-US
worthey	worðey	en-US
worthier	worðier	en-US
worthies	worðies	en-US
worthiest	worðiest	en-US
worthiness	worðiness	en-US
worthing	worþing	en-US
worthington	worðington	en-US
worthless	worþless	en-US
worthley	worþley	en-US
worthman	worþman	en-US
worths	worþs	en-US
worthwhile	worþwhile	en-US
worthy	worðy	en-US
wotherspoon	woðerspoon	en-US
wrath	wraþ	en-US
wrather	wraðer	en-US
wreath	wreaþ	en-US
wreaths	wreaþs	en-US
writhe	wriþe	en-US
writhing	wriðing	en-US
wuerth	wuerþ	en-US
wurth	wurþ	en-US
wuthering	wuðering	en-US
wuthrich	wuþrich	en-US
wyeth	wyeþ	en-US
wythe	wyðe	en-US
xanthe	xanðe	en-US
yother	yoðer	en-US
youth	youþ	en-US
youth's	youþ's	en-US
youthful	youþful	en-US
youths	youðs	en-US
zenith	zeniþ	en-US
zenith's	zeniþ's	en-US
ziebarth	ziebarþ	en-US
zither	ziðer	en-US
zithers	ziðers	en-US

